Entry ID,Contest Name,Contest ID,Entry Fee,QB,RB,RB,WR,WR,WR,TE,FLEX,DST,,Instructions
3002555559,NFL $125K mini-MAX [150 Entry Max],119543154,$0.50,,,,,,,,,,,1. Column A lists all of your contest entries for this draftgroup
3002555560,NFL $125K mini-MAX [150 Entry Max],119543154,$0.50,,,,,,,,,,,2. Your current lineup is listed next to each entry (blank for reservations)
3002555561,NFL $125K mini-MAX [150 Entry Max],119543154,$0.50,,,,,,,,,,,3. You can change the lineup for an entry by entering the IDs of the players in the row next to that entry
3002555562,NFL $125K mini-MAX [150 Entry Max],119543154,$0.50,,,,,,,,,,,4. Use data from the Name+ID column or the ID column; you cannot use just the player's name
3002555563,NFL $125K mini-MAX [150 Entry Max],119543154,$0.50,,,,,,,,,,,5. For faster processing only include entries you are changing in the file you upload
3002555564,NFL $125K mini-MAX [150 Entry Max],119543154,$0.50,,,,,,,,,,,
3002555565,NFL $125K mini-MAX [150 Entry Max],119543154,$0.50,,,,,,,,,,,Position,Name + ID,Name,ID,Roster Position,Salary,Game Info,TeamAbbrev,AvgPointsPerGame
3002555566,NFL $125K mini-MAX [150 Entry Max],119543154,$0.50,,,,,,,,,,,RB,Jonathan Taylor (20388558),Jonathan Taylor,20388558,RB/FLEX,9200,IND@HOU 12/05/2021 01:00PM ET,IND,25.51
3002555567,NFL $125K mini-MAX [150 Entry Max],119543154,$0.50,,,,,,,,,,,WR,Cooper Kupp (20388828),Cooper Kupp,20388828,WR/FLEX,9000,JAX@LAR 12/05/2021 04:05PM ET,LAR,26.84
3002555568,NFL $125K mini-MAX [150 Entry Max],119543154,$0.50,,,,,,,,,,,RB,Austin Ekeler (20388560),Austin Ekeler,20388560,RB/FLEX,8300,LAC@CIN 12/05/2021 01:00PM ET,LAC,22.43
3002555569,NFL $125K mini-MAX [150 Entry Max],119543154,$0.50,,,,,,,,,,,WR,Deebo Samuel (20388830),Deebo Samuel,20388830,WR/FLEX,8300,SF@SEA 12/05/2021 04:25PM ET,SF,22.44
3002555570,NFL $125K mini-MAX [150 Entry Max],119543154,$0.50,,,,,,,,,,,WR,Justin Jefferson (20388832),Justin Jefferson,20388832,WR/FLEX,8200,MIN@DET 12/05/2021 01:00PM ET,MIN,19.92
3002555571,NFL $125K mini-MAX [150 Entry Max],119543154,$0.50,,,,,,,,,,,RB,Joe Mixon (20388562),Joe Mixon,20388562,RB/FLEX,8100,LAC@CIN 12/05/2021 01:00PM ET,CIN,20.42
3002555572,NFL $125K mini-MAX [150 Entry Max],119543154,$0.50,,,,,,,,,,,RB,Dalvin Cook (20388564),Dalvin Cook,20388564,RB/FLEX,8000,MIN@DET 12/05/2021 01:00PM ET,MIN,17.5
3002555573,NFL $125K mini-MAX [150 Entry Max],119543154,$0.50,,,,,,,,,,,QB,Lamar Jackson (20388484),Lamar Jackson,20388484,QB,7800,BAL@PIT 12/05/2021 04:25PM ET,BAL,24.82
3002555574,NFL $125K mini-MAX [150 Entry Max],119543154,$0.50,,,,,,,,,,,RB,Najee Harris (20388566),Najee Harris,20388566,RB/FLEX,7700,BAL@PIT 12/05/2021 04:25PM ET,PIT,18.99
3002555575,NFL $125K mini-MAX [150 Entry Max],119543154,$0.50,,,,,,,,,,,RB,Alexander Mattison (20388568),Alexander Mattison,20388568,RB/FLEX,7600,MIN@DET 12/05/2021 01:00PM ET,MIN,7.67
3002555576,NFL $125K mini-MAX [150 Entry Max],119543154,$0.50,,,,,,,,,,,QB,Kyler Murray (20388485),Kyler Murray,20388485,QB,7500,ARI@CHI 12/05/2021 01:00PM ET,ARI,23.84
3002555577,NFL $125K mini-MAX [150 Entry Max],119543154,$0.50,,,,,,,,,,,WR,Keenan Allen (20388834),Keenan Allen,20388834,WR/FLEX,7500,LAC@CIN 12/05/2021 01:00PM ET,LAC,17.68
3002555578,NFL $125K mini-MAX [150 Entry Max],119543154,$0.50,,,,,,,,,,,WR,Terry McLaurin (20388836),Terry McLaurin,20388836,WR/FLEX,7400,WAS@LV 12/05/2021 04:05PM ET,WAS,16.34
3002555579,NFL $125K mini-MAX [150 Entry Max],119543154,$0.50,,,,,,,,,,,WR,Adam Thielen (20388838),Adam Thielen,20388838,WR/FLEX,7300,MIN@DET 12/05/2021 01:00PM ET,MIN,17.71
3002555580,NFL $125K mini-MAX [150 Entry Max],119543154,$0.50,,,,,,,,,,,RB,Leonard Fournette (20388570),Leonard Fournette,20388570,RB/FLEX,7300,TB@ATL 12/05/2021 01:00PM ET,TB,18.14
3002555581,NFL $125K mini-MAX [150 Entry Max],119543154,$0.50,,,,,,,,,,,QB,Matthew Stafford (20388486),Matthew Stafford,20388486,QB,7300,JAX@LAR 12/05/2021 04:05PM ET,LAR,23.30
3002555582,NFL $125K mini-MAX [150 Entry Max],119543154,$0.50,,,,,,,,,,,QB,Tom Brady (20388487),Tom Brady,20388487,QB,7200,TB@ATL 12/05/2021 01:00PM ET,TB,24.68
3002555583,NFL $125K mini-MAX [150 Entry Max],119543154,$0.50,,,,,,,,,,,QB,Jalen Hurts (20388488),Jalen Hurts,20388488,QB,7000,PHI@NYJ 12/05/2021 01:00PM ET,PHI,22.49
3002555584,NFL $125K mini-MAX [150 Entry Max],119543154,$0.50,,,,,,,,,,,WR,Ja'Marr Chase (20388840),Ja'Marr Chase,20388840,WR/FLEX,7000,LAC@CIN 12/05/2021 01:00PM ET,CIN,18.01
3002555585,NFL $125K mini-MAX [150 Entry Max],119543154,$0.50,,,,,,,,,,,RB,Cordarrelle Patterson (20388572),Cordarrelle Patterson,20388572,RB/FLEX,7000,TB@ATL 12/05/2021 01:00PM ET,ATL,19.21
3002555586,NFL $125K mini-MAX [150 Entry Max],119543154,$0.50,,,,,,,,,,,WR,Diontae Johnson (20388842),Diontae Johnson,20388842,WR/FLEX,6800,BAL@PIT 12/05/2021 04:25PM ET,PIT,18.15
3002555587,NFL $125K mini-MAX [150 Entry Max],119543154,$0.50,,,,,,,,,,,QB,Justin Herbert (20388489),Justin Herbert,20388489,QB,6700,LAC@CIN 12/05/2021 01:00PM ET,LAC,24.96
3002555588,NFL $125K mini-MAX [150 Entry Max],119543154,$0.50,,,,,,,,,,,WR,Mike Evans (20388844),Mike Evans,20388844,WR/FLEX,6700,TB@ATL 12/05/2021 01:00PM ET,TB,16.96
3002555589,NFL $125K mini-MAX [150 Entry Max],119543154,$0.50,,,,,,,,,,,WR,DK Metcalf (20388846),DK Metcalf,20388846,WR/FLEX,6700,SF@SEA 12/05/2021 04:25PM ET,SEA,14.82
3002555590,NFL $125K mini-MAX [150 Entry Max],119543154,$0.50,,,,,,,,,,,RB,D'Andre Swift (20388574),D'Andre Swift,20388574,RB/FLEX,6600,MIN@DET 12/05/2021 01:00PM ET,DET,17.76
3002555591,NFL $125K mini-MAX [150 Entry Max],119543154,$0.50,,,,,,,,,,,WR,Chris Godwin (20388848),Chris Godwin,20388848,WR/FLEX,6600,TB@ATL 12/05/2021 01:00PM ET,TB,17.44
3002555592,NFL $125K mini-MAX [150 Entry Max],119543154,$0.50,,,,,,,,,,,QB,Kirk Cousins (20388490),Kirk Cousins,20388490,QB,6500,MIN@DET 12/05/2021 01:00PM ET,MIN,21.22
3002555593,NFL $125K mini-MAX [150 Entry Max],119543154,$0.50,,,,,,,,,,,WR,Marquise Brown (20388852),Marquise Brown,20388852,WR/FLEX,6500,BAL@PIT 12/05/2021 04:25PM ET,BAL,18.25
3002555594,NFL $125K mini-MAX [150 Entry Max],119543154,$0.50,,,,,,,,,,,WR,Tyler Lockett (20388850),Tyler Lockett,20388850,WR/FLEX,6500,SF@SEA 12/05/2021 04:25PM ET,SEA,14.66
3002555595,NFL $125K mini-MAX [150 Entry Max],119543154,$0.50,,,,,,,,,,,WR,Jaylen Waddle (20388854),Jaylen Waddle,20388854,WR/FLEX,6400,NYG@MIA 12/05/2021 01:00PM ET,MIA,15.43
3002555596,NFL $125K mini-MAX [150 Entry Max],119543154,$0.50,,,,,,,,,,,QB,Russell Wilson (20388491),Russell Wilson,20388491,QB,6400,SF@SEA 12/05/2021 04:25PM ET,SEA,17.28
3002555597,NFL $125K mini-MAX [150 Entry Max],119543154,$0.50,,,,,,,,,,,RB,Saquon Barkley (20388576),Saquon Barkley,20388576,RB/FLEX,6300,NYG@MIA 12/05/2021 01:00PM ET,NYG,12.2
3002555598,NFL $125K mini-MAX [150 Entry Max],119543154,$0.50,,,,,,,,,,,QB,Joe Burrow (20388492),Joe Burrow,20388492,QB,6300,LAC@CIN 12/05/2021 01:00PM ET,CIN,18.97
3002555599,NFL $125K mini-MAX [150 Entry Max],119543154,$0.50,,,,,,,,,,,WR,DeAndre Hopkins (20388856),DeAndre Hopkins,20388856,WR/FLEX,6200,ARI@CHI 12/05/2021 01:00PM ET,ARI,15.7
3002555600,NFL $125K mini-MAX [150 Entry Max],119543154,$0.50,,,,,,,,,,,TE,Darren Waller (20389248),Darren Waller,20389248,TE/FLEX,6200,WAS@LV 12/05/2021 04:05PM ET,LV,13.53
3002555601,NFL $125K mini-MAX [150 Entry Max],119543154,$0.50,,,,,,,,,,,RB,James Robinson (20388578),James Robinson,20388578,RB/FLEX,6200,JAX@LAR 12/05/2021 04:05PM ET,JAX,15.62
3002555602,NFL $125K mini-MAX [150 Entry Max],119543154,$0.50,,,,,,,,,,,QB,Carson Wentz (20388493),Carson Wentz,20388493,QB,6100,IND@HOU 12/05/2021 01:00PM ET,IND,18.04
3002555603,NFL $125K mini-MAX [150 Entry Max],119543154,$0.50,,,,,,,,,,,WR,DeVonta Smith (20388858),DeVonta Smith,20388858,WR/FLEX,6100,PHI@NYJ 12/05/2021 01:00PM ET,PHI,12.3
3002555604,NFL $125K mini-MAX [150 Entry Max],119543154,$0.50,,,,,,,,,,,RB,Darrell Henderson Jr. (20388580),Darrell Henderson Jr.,20388580,RB/FLEX,6100,JAX@LAR 12/05/2021 04:05PM ET,LAR,15.7
3002555605,NFL $125K mini-MAX [150 Entry Max],119543154,$0.50,,,,,,,,,,,QB,Derek Carr (20388494),Derek Carr,20388494,QB,6000,WAS@LV 12/05/2021 04:05PM ET,LV,19.90
3002555606,NFL $125K mini-MAX [150 Entry Max],119543154,$0.50,,,,,,,,,,,RB,Josh Jacobs (20388584),Josh Jacobs,20388584,RB/FLEX,6000,WAS@LV 12/05/2021 04:05PM ET,LV,14.2
3002555607,NFL $125K mini-MAX [150 Entry Max],119543154,$0.50,,,,,,,,,,,WR,Chase Claypool (20388860),Chase Claypool,20388860,WR/FLEX,6000,BAL@PIT 12/05/2021 04:25PM ET,PIT,12.44
3002555608,NFL $125K mini-MAX [150 Entry Max],119543154,$0.50,,,,,,,,,,,TE,Mark Andrews (20389250),Mark Andrews,20389250,TE/FLEX,6000,BAL@PIT 12/05/2021 04:25PM ET,BAL,16.01
3002555609,NFL $125K mini-MAX [150 Entry Max],119543154,$0.50,,,,,,,,,,,RB,Eli Mitchell (20388582),Eli Mitchell,20388582,RB/FLEX,6000,SF@SEA 12/05/2021 04:25PM ET,SF,16.26
3002555610,NFL $125K mini-MAX [150 Entry Max],119543154,$0.50,,,,,,,,,,,WR,Brandin Cooks (20388862),Brandin Cooks,20388862,WR/FLEX,5900,IND@HOU 12/05/2021 01:00PM ET,HOU,14.26
3002555611,NFL $125K mini-MAX [150 Entry Max],119543154,$0.50,,,,,,,,,,,RB,James Conner (20388586),James Conner,20388586,RB/FLEX,5900,ARI@CHI 12/05/2021 01:00PM ET,ARI,15.34
3002555612,NFL $125K mini-MAX [150 Entry Max],119543154,$0.50,,,,,,,,,,,TE,George Kittle (20389252),George Kittle,20389252,TE/FLEX,5900,SF@SEA 12/05/2021 04:25PM ET,SF,12.3
3002555613,NFL $125K mini-MAX [150 Entry Max],119543154,$0.50,,,,,,,,,,,RB,Myles Gaskin (20388588),Myles Gaskin,20388588,RB/FLEX,5800,NYG@MIA 12/05/2021 01:00PM ET,MIA,12.78
3002555614,NFL $125K mini-MAX [150 Entry Max],119543154,$0.50,,,,,,,,,,,WR,Tee Higgins (20388866),Tee Higgins,20388866,WR/FLEX,5800,LAC@CIN 12/05/2021 01:00PM ET,CIN,13.44
3002555615,NFL $125K mini-MAX [150 Entry Max],119543154,$0.50,,,,,,,,,,,WR,Hunter Renfrow (20388864),Hunter Renfrow,20388864,WR/FLEX,5800,WAS@LV 12/05/2021 04:05PM ET,LV,14.32
3002555616,NFL $125K mini-MAX [150 Entry Max],119543154,$0.50,,,,,,,,,,,WR,Michael Pittman Jr. (20388868),Michael Pittman Jr.,20388868,WR/FLEX,5700,IND@HOU 12/05/2021 01:00PM ET,IND,14.86
3002555617,NFL $125K mini-MAX [150 Entry Max],119543154,$0.50,,,,,,,,,,,WR,Mike Williams (20388870),Mike Williams,20388870,WR/FLEX,5700,LAC@CIN 12/05/2021 01:00PM ET,LAC,15.86
3002555618,NFL $125K mini-MAX [150 Entry Max],119543154,$0.50,,,,,,,,,,,RB,Antonio Gibson (20388590),Antonio Gibson,20388590,RB/FLEX,5700,WAS@LV 12/05/2021 04:05PM ET,WAS,14.04
3002555619,NFL $125K mini-MAX [150 Entry Max],119543154,$0.50,,,,,,,,,,,QB,Jimmy Garoppolo (20388495),Jimmy Garoppolo,20388495,QB,5700,SF@SEA 12/05/2021 04:25PM ET,SF,16.97
3002555620,NFL $125K mini-MAX [150 Entry Max],119543154,$0.50,,,,,,,,,,,RB,David Montgomery (20388592),David Montgomery,20388592,RB/FLEX,5600,ARI@CHI 12/05/2021 01:00PM ET,CHI,13.41
3002555621,NFL $125K mini-MAX [150 Entry Max],119543154,$0.50,,,,,,,,,,,WR,Darnell Mooney (20388872),Darnell Mooney,20388872,WR/FLEX,5600,ARI@CHI 12/05/2021 01:00PM ET,CHI,13.74
3002555622,NFL $125K mini-MAX [150 Entry Max],119543154,$0.50,,,,,,,,,,,WR,Christian Kirk (20388874),Christian Kirk,20388874,WR/FLEX,5600,ARI@CHI 12/05/2021 01:00PM ET,ARI,12.84
3002555623,NFL $125K mini-MAX [150 Entry Max],119543154,$0.50,,,,,,,,,,,QB,Matt Ryan (20388497),Matt Ryan,20388497,QB,5600,TB@ATL 12/05/2021 01:00PM ET,ATL,16.36
3002555624,NFL $125K mini-MAX [150 Entry Max],119543154,$0.50,,,,,,,,,,,TE,Kyle Pitts (20389254),Kyle Pitts,20389254,TE/FLEX,5600,TB@ATL 12/05/2021 01:00PM ET,ATL,11.19
3002555625,NFL $125K mini-MAX [150 Entry Max],119543154,$0.50,,,,,,,,,,,QB,Taylor Heinicke (20388496),Taylor Heinicke,20388496,QB,5600,WAS@LV 12/05/2021 04:05PM ET,WAS,17.75
3002555626,NFL $125K mini-MAX [150 Entry Max],119543154,$0.50,,,,,,,,,,,WR,Brandon Aiyuk (20388876),Brandon Aiyuk,20388876,WR/FLEX,5600,SF@SEA 12/05/2021 04:25PM ET,SF,8.68
3002555627,NFL $125K mini-MAX [150 Entry Max],119543154,$0.50,,,,,,,,,,,QB,Tua Tagovailoa (20388498),Tua Tagovailoa,20388498,QB,5500,NYG@MIA 12/05/2021 01:00PM ET,MIA,16.48
3002555628,NFL $125K mini-MAX [150 Entry Max],119543154,$0.50,,,,,,,,,,,QB,Daniel Jones (20388499),Daniel Jones,20388499,QB,5500,NYG@MIA 12/05/2021 01:00PM ET,NYG,16.41
3002555629,NFL $125K mini-MAX [150 Entry Max],119543154,$0.50,,,,,,,,,,,WR,Elijah Moore (20388880),Elijah Moore,20388880,WR/FLEX,5500,PHI@NYJ 12/05/2021 01:00PM ET,NYJ,12.06
3002555630,NFL $125K mini-MAX [150 Entry Max],119543154,$0.50,,,,,,,,,,,WR,Odell Beckham Jr. (20388878),Odell Beckham Jr.,20388878,WR/FLEX,5500,JAX@LAR 12/05/2021 04:05PM ET,LAR,8.06
3002555631,NFL $125K mini-MAX [150 Entry Max],119543154,$0.50,,,,,,,,,,,RB,Devonta Freeman (20388594),Devonta Freeman,20388594,RB/FLEX,5500,BAL@PIT 12/05/2021 04:25PM ET,BAL,8.69
3002555632,NFL $125K mini-MAX [150 Entry Max],119543154,$0.50,,,,,,,,,,,WR,Kadarius Toney (20388884),Kadarius Toney,20388884,WR/FLEX,5400,NYG@MIA 12/05/2021 01:00PM ET,NYG,8.73
3002555633,NFL $125K mini-MAX [150 Entry Max],119543154,$0.50,,,,,,,,,,,RB,Jamaal Williams (20388596),Jamaal Williams,20388596,RB/FLEX,5400,MIN@DET 12/05/2021 01:00PM ET,DET,9.28
3002555634,NFL $125K mini-MAX [150 Entry Max],119543154,$0.50,,,,,,,,,,,QB,Colt McCoy (20388500),Colt McCoy,20388500,QB,5400,ARI@CHI 12/05/2021 01:00PM ET,ARI,7.29
3002555635,NFL $125K mini-MAX [150 Entry Max],119543154,$0.50,,,,,,,,,,,TE,Zach Ertz (20389256),Zach Ertz,20389256,TE/FLEX,5400,ARI@CHI 12/05/2021 01:00PM ET,ARI,10.56
3002555636,NFL $125K mini-MAX [150 Entry Max],119543154,$0.50,,,,,,,,,,,WR,Antonio Brown (20388882),Antonio Brown,20388882,WR/FLEX,5400,TB@ATL 12/05/2021 01:00PM ET,TB,20.28
3002555637,NFL $125K mini-MAX [150 Entry Max],119543154,$0.50,,,,,,,,,,,QB,Tyrod Taylor (20388501),Tyrod Taylor,20388501,QB,5300,IND@HOU 12/05/2021 01:00PM ET,HOU,16.89
3002555638,NFL $125K mini-MAX [150 Entry Max],119543154,$0.50,,,,,,,,,,,RB,Michael Carter (20388598),Michael Carter,20388598,RB/FLEX,5300,PHI@NYJ 12/05/2021 01:00PM ET,NYJ,12.88
3002555639,NFL $125K mini-MAX [150 Entry Max],119543154,$0.50,,,,,,,,,,,QB,Andy Dalton (20388502),Andy Dalton,20388502,QB,5300,ARI@CHI 12/05/2021 01:00PM ET,CHI,10.48
3002555640,NFL $125K mini-MAX [150 Entry Max],119543154,$0.50,,,,,,,,,,,WR,Russell Gage (20388888),Russell Gage,20388888,WR/FLEX,5300,TB@ATL 12/05/2021 01:00PM ET,ATL,8.25
3002555641,NFL $125K mini-MAX [150 Entry Max],119543154,$0.50,,,,,,,,,,,TE,Rob Gronkowski (20389258),Rob Gronkowski,20389258,TE/FLEX,5300,TB@ATL 12/05/2021 01:00PM ET,TB,15.63
3002555642,NFL $125K mini-MAX [150 Entry Max],119543154,$0.50,,,,,,,,,,,WR,Van Jefferson Jr. (20388886),Van Jefferson Jr.,20388886,WR/FLEX,5300,JAX@LAR 12/05/2021 04:05PM ET,LAR,10.46
3002555643,NFL $125K mini-MAX [150 Entry Max],119543154,$0.50,,,,,,,,,,,QB,Jared Goff (20388503),Jared Goff,20388503,QB,5200,MIN@DET 12/05/2021 01:00PM ET,DET,13.88
3002555644,NFL $125K mini-MAX [150 Entry Max],119543154,$0.50,,,,,,,,,,,TE,T.J. Hockenson (20389260),T.J. Hockenson,20389260,TE/FLEX,5200,MIN@DET 12/05/2021 01:00PM ET,DET,11.86
3002555645,NFL $125K mini-MAX [150 Entry Max],119543154,$0.50,,,,,,,,,,,QB,Zach Wilson (20388504),Zach Wilson,20388504,QB,5200,PHI@NYJ 12/05/2021 01:00PM ET,NYJ,10.15
3002555646,NFL $125K mini-MAX [150 Entry Max],119543154,$0.50,,,,,,,,,,,RB,Miles Sanders (20388600),Miles Sanders,20388600,RB/FLEX,5200,PHI@NYJ 12/05/2021 01:00PM ET,PHI,8.73
3002555647,NFL $125K mini-MAX [150 Entry Max],119543154,$0.50,,,,,,,,,,,WR,Calvin Ridley (20388890),Calvin Ridley,20388890,WR/FLEX,5200,TB@ATL 12/05/2021 01:00PM ET,ATL,14.22
3002555648,NFL $125K mini-MAX [150 Entry Max],119543154,$0.50,,,,,,,,,,,TE,Mike Gesicki (20389262),Mike Gesicki,20389262,TE/FLEX,5100,NYG@MIA 12/05/2021 01:00PM ET,MIA,10.72
3002555649,NFL $125K mini-MAX [150 Entry Max],119543154,$0.50,,,,,,,,,,,QB,Joe Flacco (20388505),Joe Flacco,20388505,QB,5100,PHI@NYJ 12/05/2021 01:00PM ET,NYJ,12.41
3002555650,NFL $125K mini-MAX [150 Entry Max],119543154,$0.50,,,,,,,,,,,QB,Trevor Lawrence (20388506),Trevor Lawrence,20388506,QB,5100,JAX@LAR 12/05/2021 04:05PM ET,JAX,14.72
3002555651,NFL $125K mini-MAX [150 Entry Max],119543154,$0.50,,,,,,,,,,,RB,Latavius Murray (20388604),Latavius Murray,20388604,RB/FLEX,5100,BAL@PIT 12/05/2021 04:25PM ET,BAL,7.3
3002555652,NFL $125K mini-MAX [150 Entry Max],119543154,$0.50,,,,,,,,,,,RB,Alex Collins (20388602),Alex Collins,20388602,RB/FLEX,5100,SF@SEA 12/05/2021 04:25PM ET,SEA,7.01
3002555653,NFL $125K mini-MAX [150 Entry Max],119543154,$0.50,,,,,,,,,,,RB,David Johnson (20388610),David Johnson,20388610,RB/FLEX,5000,IND@HOU 12/05/2021 01:00PM ET,HOU,6.54
3002555654,NFL $125K mini-MAX [150 Entry Max],119543154,$0.50,,,,,,,,,,,WR,Kenny Golladay (20388892),Kenny Golladay,20388892,WR/FLEX,5000,NYG@MIA 12/05/2021 01:00PM ET,NYG,7.9
3002555655,NFL $125K mini-MAX [150 Entry Max],119543154,$0.50,,,,,,,,,,,QB,Justin Fields (20388508),Justin Fields,20388508,QB,5000,ARI@CHI 12/05/2021 01:00PM ET,CHI,10.55
3002555656,NFL $125K mini-MAX [150 Entry Max],119543154,$0.50,,,,,,,,,,,WR,A.J. Green (20388894),A.J. Green,20388894,WR/FLEX,5000,ARI@CHI 12/05/2021 01:00PM ET,ARI,10.88
3002555657,NFL $125K mini-MAX [150 Entry Max],119543154,$0.50,,,,,,,,,,,WR,Allen Robinson II (20388896),Allen Robinson II,20388896,WR/FLEX,5000,ARI@CHI 12/05/2021 01:00PM ET,CHI,7.77
3002555658,NFL $125K mini-MAX [150 Entry Max],119543154,$0.50,,,,,,,,,,,WR,Tyler Boyd (20388898),Tyler Boyd,20388898,WR/FLEX,5000,LAC@CIN 12/05/2021 01:00PM ET,CIN,10.12
3002555659,NFL $125K mini-MAX [150 Entry Max],119543154,$0.50,,,,,,,,,,,RB,Ronald Jones II (20388606),Ronald Jones II,20388606,RB/FLEX,5000,TB@ATL 12/05/2021 01:00PM ET,TB,4.57
3002555660,NFL $125K mini-MAX [150 Entry Max],119543154,$0.50,,,,,,,,,,,RB,J.D. McKissic (20388608),J.D. McKissic,20388608,RB/FLEX,5000,WAS@LV 12/05/2021 04:05PM ET,WAS,11.63
3002555661,NFL $125K mini-MAX [150 Entry Max],119543154,$0.50,,,,,,,,,,,QB,Ben Roethlisberger (20388507),Ben Roethlisberger,20388507,QB,5000,BAL@PIT 12/05/2021 04:25PM ET,PIT,15.05
3002555662,NFL $125K mini-MAX [150 Entry Max],119543154,$0.50,,,,,,,,,,,QB,Tyler Huntley (20388509),Tyler Huntley,20388509,QB,5000,BAL@PIT 12/05/2021 04:25PM ET,BAL,4.77
3002555663,NFL $125K mini-MAX [150 Entry Max],119543154,$0.50,,,,,,,,,,,QB,Geno Smith (20388510),Geno Smith,20388510,QB,5000,SF@SEA 12/05/2021 04:25PM ET,SEA,14.07
3002555664,NFL $125K mini-MAX [150 Entry Max],119543154,$0.50,,,,,,,,,,,QB,Davis Mills (20388515),Davis Mills,20388515,QB,4900,IND@HOU 12/05/2021 01:00PM ET,HOU,11.73
3002555665,NFL $125K mini-MAX [150 Entry Max],119543154,$0.50,,,,,,,,,,,QB,Jacoby Brissett (20388514),Jacoby Brissett,20388514,QB,4900,NYG@MIA 12/05/2021 01:00PM ET,MIA,9.89
3002555666,NFL $125K mini-MAX [150 Entry Max],119543154,$0.50,,,,,,,,,,,RB,Devontae Booker (20388614),Devontae Booker,20388614,RB/FLEX,4900,NYG@MIA 12/05/2021 01:00PM ET,NYG,9.23
3002555667,NFL $125K mini-MAX [150 Entry Max],119543154,$0.50,,,,,,,,,,,WR,Sterling Shepard (20388900),Sterling Shepard,20388900,WR/FLEX,4900,NYG@MIA 12/05/2021 01:00PM ET,NYG,14.5
3002555668,NFL $125K mini-MAX [150 Entry Max],119543154,$0.50,,,,,,,,,,,QB,Tim Boyle (20388513),Tim Boyle,20388513,QB,4900,MIN@DET 12/05/2021 01:00PM ET,DET,1.08
3002555669,NFL $125K mini-MAX [150 Entry Max],119543154,$0.50,,,,,,,,,,,WR,Corey Davis (20388902),Corey Davis,20388902,WR/FLEX,4900,PHI@NYJ 12/05/2021 01:00PM ET,NYJ,13.21
3002555670,NFL $125K mini-MAX [150 Entry Max],119543154,$0.50,,,,,,,,,,,QB,Blaine Gabbert (20388512),Blaine Gabbert,20388512,QB,4900,TB@ATL 12/05/2021 01:00PM ET,TB,0.52
3002555671,NFL $125K mini-MAX [150 Entry Max],119543154,$0.50,,,,,,,,,,,RB,Giovani Bernard (20388612),Giovani Bernard,20388612,RB/FLEX,4900,TB@ATL 12/05/2021 01:00PM ET,TB,5.71
3002555672,NFL $125K mini-MAX [150 Entry Max],119543154,$0.50,,,,,,,,,,,QB,Marcus Mariota (20388511),Marcus Mariota,20388511,QB,4900,WAS@LV 12/05/2021 04:05PM ET,LV,2.1
3002555673,NFL $125K mini-MAX [150 Entry Max],119543154,$0.50,,,,,,,,,,,WR,Rashod Bateman (20388904),Rashod Bateman,20388904,WR/FLEX,4900,BAL@PIT 12/05/2021 04:25PM ET,BAL,9.18
3002555674,NFL $125K mini-MAX [150 Entry Max],119543154,$0.50,,,,,,,,,,,QB,Trey Lance (20388516),Trey Lance,20388516,QB,4900,SF@SEA 12/05/2021 04:25PM ET,SF,9.37
3002555675,NFL $125K mini-MAX [150 Entry Max],119543154,$0.50,,,,,,,,,,,RB,DeeJay Dallas (20388616),DeeJay Dallas,20388616,RB/FLEX,4900,SF@SEA 12/05/2021 04:25PM ET,SEA,3.3
3002555676,NFL $125K mini-MAX [150 Entry Max],119543154,$0.50,,,,,,,,,,,RB,Rex Burkhead (20388620),Rex Burkhead,20388620,RB/FLEX,4800,IND@HOU 12/05/2021 01:00PM ET,HOU,3.01
3002555677,NFL $125K mini-MAX [150 Entry Max],119543154,$0.50,,,,,,,,,,,QB,Mike White (20388517),Mike White,20388517,QB,4800,PHI@NYJ 12/05/2021 01:00PM ET,NYJ,13.76
3002555678,NFL $125K mini-MAX [150 Entry Max],119543154,$0.50,,,,,,,,,,,QB,Nick Foles (20388519),Nick Foles,20388519,QB,4800,ARI@CHI 12/05/2021 01:00PM ET,CHI,0
3002555679,NFL $125K mini-MAX [150 Entry Max],119543154,$0.50,,,,,,,,,,,QB,Mason Rudolph (20388518),Mason Rudolph,20388518,QB,4800,BAL@PIT 12/05/2021 04:25PM ET,PIT,16.28
3002555680,NFL $125K mini-MAX [150 Entry Max],119543154,$0.50,,,,,,,,,,,RB,Jeff Wilson Jr. (20388618),Jeff Wilson Jr.,20388618,RB/FLEX,4800,SF@SEA 12/05/2021 04:25PM ET,SF,3.77
3002555681,NFL $125K mini-MAX [150 Entry Max],119543154,$0.50,,,,,,,,,,,QB,Jake Luton (20388521),Jake Luton,20388521,QB,4700,NYG@MIA 12/05/2021 01:00PM ET,MIA,0
3002555682,NFL $125K mini-MAX [150 Entry Max],119543154,$0.50,,,,,,,,,,,QB,David Blough (20388520),David Blough,20388520,QB,4700,MIN@DET 12/05/2021 01:00PM ET,DET,0.6
3002555683,NFL $125K mini-MAX [150 Entry Max],119543154,$0.50,,,,,,,,,,,RB,Jordan Howard (20388622),Jordan Howard,20388622,RB/FLEX,4700,PHI@NYJ 12/05/2021 01:00PM ET,PHI,11.35
3002555684,NFL $125K mini-MAX [150 Entry Max],119543154,$0.50,,,,,,,,,,,RB,Chase Edmonds (20388624),Chase Edmonds,20388624,RB/FLEX,4700,ARI@CHI 12/05/2021 01:00PM ET,ARI,11.34
3002555685,NFL $125K mini-MAX [150 Entry Max],119543154,$0.50,,,,,,,,,,,WR,Rondale Moore (20388908),Rondale Moore,20388908,WR/FLEX,4700,ARI@CHI 12/05/2021 01:00PM ET,ARI,9.32
3002555686,NFL $125K mini-MAX [150 Entry Max],119543154,$0.50,,,,,,,,,,,RB,Mike Davis (20388626),Mike Davis,20388626,RB/FLEX,4700,TB@ATL 12/05/2021 01:00PM ET,ATL,7.96
3002555687,NFL $125K mini-MAX [150 Entry Max],119543154,$0.50,,,,,,,,,,,WR,Marvin Jones Jr. (20388906),Marvin Jones Jr.,20388906,WR/FLEX,4700,JAX@LAR 12/05/2021 04:05PM ET,JAX,10.9
3002555688,NFL $125K mini-MAX [150 Entry Max],119543154,$0.50,,,,,,,,,,,RB,Trey Sermon (20388628),Trey Sermon,20388628,RB/FLEX,4700,SF@SEA 12/05/2021 04:25PM ET,SF,3.14
3002555689,NFL $125K mini-MAX [150 Entry Max],119543154,$0.50,,,,,,,,,,,WR,Darius Slayton (20388910),Darius Slayton,20388910,WR/FLEX,4600,NYG@MIA 12/05/2021 01:00PM ET,NYG,6.18
3002555690,NFL $125K mini-MAX [150 Entry Max],119543154,$0.50,,,,,,,,,,,RB,Jermar Jefferson (20388630),Jermar Jefferson,20388630,RB/FLEX,4600,MIN@DET 12/05/2021 01:00PM ET,DET,5.75
3002555691,NFL $125K mini-MAX [150 Entry Max],119543154,$0.50,,,,,,,,,,,RB,Ty Johnson (20388632),Ty Johnson,20388632,RB/FLEX,4600,PHI@NYJ 12/05/2021 01:00PM ET,NYJ,7.97
3002555692,NFL $125K mini-MAX [150 Entry Max],119543154,$0.50,,,,,,,,,,,RB,Boston Scott (20388634),Boston Scott,20388634,RB/FLEX,4600,PHI@NYJ 12/05/2021 01:00PM ET,PHI,5.41
3002555693,NFL $125K mini-MAX [150 Entry Max],119543154,$0.50,,,,,,,,,,,WR,Jamison Crowder (20388912),Jamison Crowder,20388912,WR/FLEX,4600,PHI@NYJ 12/05/2021 01:00PM ET,NYJ,10.5
3002555694,NFL $125K mini-MAX [150 Entry Max],119543154,$0.50,,,,,,,,,,,WR,Kalif Raymond (20388914),Kalif Raymond,20388914,WR/FLEX,4500,MIN@DET 12/05/2021 01:00PM ET,DET,7.9
3002555695,NFL $125K mini-MAX [150 Entry Max],119543154,$0.50,,,,,,,,,,,RB,Tevin Coleman (20388636),Tevin Coleman,20388636,RB/FLEX,4500,PHI@NYJ 12/05/2021 01:00PM ET,NYJ,4.01
3002555696,NFL $125K mini-MAX [150 Entry Max],119543154,$0.50,,,,,,,,,,,TE,Dallas Goedert (20389264),Dallas Goedert,20389264,TE/FLEX,4500,PHI@NYJ 12/05/2021 01:00PM ET,PHI,8.92
3002555697,NFL $125K mini-MAX [150 Entry Max],119543154,$0.50,,,,,,,,,,,WR,T.Y. Hilton (20388916),T.Y. Hilton,20388916,WR/FLEX,4400,IND@HOU 12/05/2021 01:00PM ET,IND,6.9
3002555698,NFL $125K mini-MAX [150 Entry Max],119543154,$0.50,,,,,,,,,,,QB,Sean Mannion (20388522),Sean Mannion,20388522,QB,4400,MIN@DET 12/05/2021 01:00PM ET,MIN,0
3002555699,NFL $125K mini-MAX [150 Entry Max],119543154,$0.50,,,,,,,,,,,WR,Amon-Ra St. Brown (20388918),Amon-Ra St. Brown,20388918,WR/FLEX,4400,MIN@DET 12/05/2021 01:00PM ET,DET,6.93
3002555700,NFL $125K mini-MAX [150 Entry Max],119543154,$0.50,,,,,,,,,,,RB,Kenyan Drake (20388638),Kenyan Drake,20388638,RB/FLEX,4400,WAS@LV 12/05/2021 04:05PM ET,LV,9.16
3002555701,NFL $125K mini-MAX [150 Entry Max],119543154,$0.50,,,,,,,,,,,WR,Laviska Shenault Jr. (20388920),Laviska Shenault Jr.,20388920,WR/FLEX,4400,JAX@LAR 12/05/2021 04:05PM ET,JAX,8.28
3002555702,NFL $125K mini-MAX [150 Entry Max],119543154,$0.50,,,,,,,,,,,RB,Kene Nwangwu (20388642),Kene Nwangwu,20388642,RB/FLEX,4300,MIN@DET 12/05/2021 01:00PM ET,MIN,2.72
3002555703,NFL $125K mini-MAX [150 Entry Max],119543154,$0.50,,,,,,,,,,,RB,Khalil Herbert (20388644),Khalil Herbert,20388644,RB/FLEX,4300,ARI@CHI 12/05/2021 01:00PM ET,CHI,5.43
3002555704,NFL $125K mini-MAX [150 Entry Max],119543154,$0.50,,,,,,,,,,,QB,Kyle Allen (20388523),Kyle Allen,20388523,QB,4300,WAS@LV 12/05/2021 04:05PM ET,WAS,0
3002555705,NFL $125K mini-MAX [150 Entry Max],119543154,$0.50,,,,,,,,,,,RB,Sony Michel (20388640),Sony Michel,20388640,RB/FLEX,4300,JAX@LAR 12/05/2021 04:05PM ET,LAR,5.34
3002555706,NFL $125K mini-MAX [150 Entry Max],119543154,$0.50,,,,,,,,,,,RB,Phillip Lindsay (20388650),Phillip Lindsay,20388650,RB/FLEX,4200,NYG@MIA 12/05/2021 01:00PM ET,MIA,3.26
3002555707,NFL $125K mini-MAX [150 Entry Max],119543154,$0.50,,,,,,,,,,,QB,Josh Johnson (20388524),Josh Johnson,20388524,QB,4200,PHI@NYJ 12/05/2021 01:00PM ET,NYJ,10.39
3002555708,NFL $125K mini-MAX [150 Entry Max],119543154,$0.50,,,,,,,,,,,RB,Kenneth Gainwell (20388648),Kenneth Gainwell,20388648,RB/FLEX,4200,PHI@NYJ 12/05/2021 01:00PM ET,PHI,7.64
,,,,,,,,,,,,,,RB,Austin Walter (20388652),Austin Walter,20388652,RB/FLEX,4200,PHI@NYJ 12/05/2021 01:00PM ET,NYJ,9.8
,,,,,,,,,,,,,,QB,Chase Daniel (20388525),Chase Daniel,20388525,QB,4200,LAC@CIN 12/05/2021 01:00PM ET,LAC,0
,,,,,,,,,,,,,,WR,DeSean Jackson (20388924),DeSean Jackson,20388924,WR/FLEX,4200,WAS@LV 12/05/2021 04:05PM ET,LV,6.55
,,,,,,,,,,,,,,RB,Carlos Hyde (20388654),Carlos Hyde,20388654,RB/FLEX,4200,JAX@LAR 12/05/2021 04:05PM ET,JAX,3.77
,,,,,,,,,,,,,,WR,Sammy Watkins (20388922),Sammy Watkins,20388922,WR/FLEX,4200,BAL@PIT 12/05/2021 04:25PM ET,BAL,7.19
,,,,,,,,,,,,,,TE,Pat Freiermuth (20389266),Pat Freiermuth,20389266,TE/FLEX,4200,BAL@PIT 12/05/2021 04:25PM ET,PIT,9.79
,,,,,,,,,,,,,,RB,Travis Homer (20388646),Travis Homer,20388646,RB/FLEX,4200,SF@SEA 12/05/2021 04:25PM ET,SEA,3.64
,,,,,,,,,,,,,,QB,Sam Ehlinger (20388553),Sam Ehlinger,20388553,QB,4000,IND@HOU 12/05/2021 01:00PM ET,IND,0.5
,,,,,,,,,,,,,,QB,Brett Hundley (20388554),Brett Hundley,20388554,QB,4000,IND@HOU 12/05/2021 01:00PM ET,IND,0
,,,,,,,,,,,,,,QB,Deshaun Watson (20388555),Deshaun Watson,20388555,QB,4000,IND@HOU 12/05/2021 01:00PM ET,HOU,0
,,,,,,,,,,,,,,QB,Jeff Driskel (20388556),Jeff Driskel,20388556,QB,4000,IND@HOU 12/05/2021 01:00PM ET,HOU,0
,,,,,,,,,,,,,,RB,Nyheim Hines (20388812),Nyheim Hines,20388812,RB/FLEX,4000,IND@HOU 12/05/2021 01:00PM ET,IND,7.14
,,,,,,,,,,,,,,RB,Deon Jackson (20388814),Deon Jackson,20388814,RB/FLEX,4000,IND@HOU 12/05/2021 01:00PM ET,IND,0.24
,,,,,,,,,,,,,,RB,Marlon Mack (20388816),Marlon Mack,20388816,RB/FLEX,4000,IND@HOU 12/05/2021 01:00PM ET,IND,2.15
,,,,,,,,,,,,,,RB,Royce Freeman (20388818),Royce Freeman,20388818,RB/FLEX,4000,IND@HOU 12/05/2021 01:00PM ET,HOU,1.36
,,,,,,,,,,,,,,RB,Scottie Phillips (20388820),Scottie Phillips,20388820,RB/FLEX,4000,IND@HOU 12/05/2021 01:00PM ET,HOU,1.4
,,,,,,,,,,,,,,RB,Jaylen Samuels (20388822),Jaylen Samuels,20388822,RB/FLEX,4000,IND@HOU 12/05/2021 01:00PM ET,HOU,0
,,,,,,,,,,,,,,QB,Mike Glennon (20388551),Mike Glennon,20388551,QB,4000,NYG@MIA 12/05/2021 01:00PM ET,NYG,10.04
,,,,,,,,,,,,,,QB,Brian Lewerke (20388552),Brian Lewerke,20388552,QB,4000,NYG@MIA 12/05/2021 01:00PM ET,NYG,0
,,,,,,,,,,,,,,RB,Gary Brightwell (20388792),Gary Brightwell,20388792,RB/FLEX,4000,NYG@MIA 12/05/2021 01:00PM ET,NYG,0.2
,,,,,,,,,,,,,,RB,Cullen Gillaspia (20388794),Cullen Gillaspia,20388794,RB/FLEX,4000,NYG@MIA 12/05/2021 01:00PM ET,NYG,0
,,,,,,,,,,,,,,RB,Jonathan Williams (20388796),Jonathan Williams,20388796,RB/FLEX,4000,NYG@MIA 12/05/2021 01:00PM ET,NYG,0
,,,,,,,,,,,,,,RB,Eli Penny (20388798),Eli Penny,20388798,RB/FLEX,4000,NYG@MIA 12/05/2021 01:00PM ET,NYG,1.8
,,,,,,,,,,,,,,RB,Sandro Platzgummer (20388800),Sandro Platzgummer,20388800,RB/FLEX,4000,NYG@MIA 12/05/2021 01:00PM ET,NYG,0
,,,,,,,,,,,,,,RB,Patrick Laird (20388802),Patrick Laird,20388802,RB/FLEX,4000,NYG@MIA 12/05/2021 01:00PM ET,MIA,1.02
,,,,,,,,,,,,,,RB,Salvon Ahmed (20388804),Salvon Ahmed,20388804,RB/FLEX,4000,NYG@MIA 12/05/2021 01:00PM ET,MIA,3.3
,,,,,,,,,,,,,,RB,Malcolm Brown (20388806),Malcolm Brown,20388806,RB/FLEX,4000,NYG@MIA 12/05/2021 01:00PM ET,MIA,3.21
,,,,,,,,,,,,,,RB,Gerrid Doaks (20388808),Gerrid Doaks,20388808,RB/FLEX,4000,NYG@MIA 12/05/2021 01:00PM ET,MIA,0
,,,,,,,,,,,,,,RB,Duke Johnson (20388810),Duke Johnson,20388810,RB/FLEX,4000,NYG@MIA 12/05/2021 01:00PM ET,MIA,1.8
,,,,,,,,,,,,,,QB,Kellen Mond (20388549),Kellen Mond,20388549,QB,4000,MIN@DET 12/05/2021 01:00PM ET,MIN,0
,,,,,,,,,,,,,,QB,Steven Montez (20388550),Steven Montez,20388550,QB,4000,MIN@DET 12/05/2021 01:00PM ET,DET,0
,,,,,,,,,,,,,,RB,C.J. Ham (20388780),C.J. Ham,20388780,RB/FLEX,4000,MIN@DET 12/05/2021 01:00PM ET,MIN,2.06
,,,,,,,,,,,,,,RB,A.J. Rose Jr. (20388782),A.J. Rose Jr.,20388782,RB/FLEX,4000,MIN@DET 12/05/2021 01:00PM ET,MIN,0
,,,,,,,,,,,,,,RB,Jake Bargas (20388784),Jake Bargas,20388784,RB/FLEX,4000,MIN@DET 12/05/2021 01:00PM ET,MIN,0
,,,,,,,,,,,,,,RB,Godwin Igwebuike (20388786),Godwin Igwebuike,20388786,RB/FLEX,4000,MIN@DET 12/05/2021 01:00PM ET,DET,2.01
,,,,,,,,,,,,,,RB,Jason Cabinda (20388788),Jason Cabinda,20388788,RB/FLEX,4000,MIN@DET 12/05/2021 01:00PM ET,DET,0.37
,,,,,,,,,,,,,,RB,Craig Reynolds (20388790),Craig Reynolds,20388790,RB/FLEX,4000,MIN@DET 12/05/2021 01:00PM ET,DET,0
,,,,,,,,,,,,,,QB,Gardner Minshew II (20388546),Gardner Minshew II,20388546,QB,4000,PHI@NYJ 12/05/2021 01:00PM ET,PHI,0.44
,,,,,,,,,,,,,,QB,Reid Sinnett (20388547),Reid Sinnett,20388547,QB,4000,PHI@NYJ 12/05/2021 01:00PM ET,PHI,0
,,,,,,,,,,,,,,QB,James Morgan (20388548),James Morgan,20388548,QB,4000,PHI@NYJ 12/05/2021 01:00PM ET,NYJ,0
,,,,,,,,,,,,,,RB,Jason Huntley (20388774),Jason Huntley,20388774,RB/FLEX,4000,PHI@NYJ 12/05/2021 01:00PM ET,PHI,0
,,,,,,,,,,,,,,RB,La'Mical Perine (20388776),La'Mical Perine,20388776,RB/FLEX,4000,PHI@NYJ 12/05/2021 01:00PM ET,NYJ,0.1
,,,,,,,,,,,,,,RB,Nick Bawden (20388778),Nick Bawden,20388778,RB/FLEX,4000,PHI@NYJ 12/05/2021 01:00PM ET,NYJ,1
,,,,,,,,,,,,,,QB,Trace McSorley (20388545),Trace McSorley,20388545,QB,4000,ARI@CHI 12/05/2021 01:00PM ET,ARI,0
,,,,,,,,,,,,,,RB,Jonathan Ward (20388762),Jonathan Ward,20388762,RB/FLEX,4000,ARI@CHI 12/05/2021 01:00PM ET,ARI,0.26
,,,,,,,,,,,,,,RB,Tavien Feaster (20388764),Tavien Feaster,20388764,RB/FLEX,4000,ARI@CHI 12/05/2021 01:00PM ET,ARI,0
,,,,,,,,,,,,,,RB,Damien Williams (20388766),Damien Williams,20388766,RB/FLEX,4000,ARI@CHI 12/05/2021 01:00PM ET,CHI,6.19
,,,,,,,,,,,,,,RB,Ryan Nall (20388768),Ryan Nall,20388768,RB/FLEX,4000,ARI@CHI 12/05/2021 01:00PM ET,CHI,0.26
,,,,,,,,,,,,,,RB,Tarik Cohen (20388770),Tarik Cohen,20388770,RB/FLEX,4000,ARI@CHI 12/05/2021 01:00PM ET,CHI,0
,,,,,,,,,,,,,,RB,Artavis Pierce (20388772),Artavis Pierce,20388772,RB/FLEX,4000,ARI@CHI 12/05/2021 01:00PM ET,CHI,0
,,,,,,,,,,,,,,RB,Eno Benjamin (20388824),Eno Benjamin,20388824,RB/FLEX,4000,ARI@CHI 12/05/2021 01:00PM ET,ARI,3.16
,,,,,,,,,,,,,,QB,Easton Stick (20388542),Easton Stick,20388542,QB,4000,LAC@CIN 12/05/2021 01:00PM ET,LAC,0
,,,,,,,,,,,,,,QB,Brandon Allen (20388543),Brandon Allen,20388543,QB,4000,LAC@CIN 12/05/2021 01:00PM ET,CIN,1.03
,,,,,,,,,,,,,,QB,Jake Browning (20388544),Jake Browning,20388544,QB,4000,LAC@CIN 12/05/2021 01:00PM ET,CIN,0
,,,,,,,,,,,,,,RB,Justin Jackson (20388744),Justin Jackson,20388744,RB/FLEX,4000,LAC@CIN 12/05/2021 01:00PM ET,LAC,2.59
,,,,,,,,,,,,,,RB,Joshua Kelley (20388746),Joshua Kelley,20388746,RB/FLEX,4000,LAC@CIN 12/05/2021 01:00PM ET,LAC,1.8
,,,,,,,,,,,,,,RB,Larry Rountree III (20388748),Larry Rountree III,20388748,RB/FLEX,4000,LAC@CIN 12/05/2021 01:00PM ET,LAC,1.73
,,,,,,,,,,,,,,RB,Darius Bradwell (20388750),Darius Bradwell,20388750,RB/FLEX,4000,LAC@CIN 12/05/2021 01:00PM ET,LAC,0
,,,,,,,,,,,,,,RB,Gabe Nabers (20388752),Gabe Nabers,20388752,RB/FLEX,4000,LAC@CIN 12/05/2021 01:00PM ET,LAC,0.82
,,,,,,,,,,,,,,RB,Samaje Perine (20388754),Samaje Perine,20388754,RB/FLEX,4000,LAC@CIN 12/05/2021 01:00PM ET,CIN,5.85
,,,,,,,,,,,,,,RB,Chris Evans (20388756),Chris Evans,20388756,RB/FLEX,4000,LAC@CIN 12/05/2021 01:00PM ET,CIN,3.38
,,,,,,,,,,,,,,RB,Elijah Holyfield (20388758),Elijah Holyfield,20388758,RB/FLEX,4000,LAC@CIN 12/05/2021 01:00PM ET,CIN,0
,,,,,,,,,,,,,,RB,Trayveon Williams (20388760),Trayveon Williams,20388760,RB/FLEX,4000,LAC@CIN 12/05/2021 01:00PM ET,CIN,0.65
,,,,,,,,,,,,,,QB,Kyle Trask (20388537),Kyle Trask,20388537,QB,4000,TB@ATL 12/05/2021 01:00PM ET,TB,0
,,,,,,,,,,,,,,QB,Ryan Griffin (20388538),Ryan Griffin,20388538,QB,4000,TB@ATL 12/05/2021 01:00PM ET,TB,0
,,,,,,,,,,,,,,QB,Josh Rosen (20388539),Josh Rosen,20388539,QB,4000,TB@ATL 12/05/2021 01:00PM ET,ATL,-0.31
,,,,,,,,,,,,,,QB,Feleipe Franks (20388540),Feleipe Franks,20388540,QB,4000,TB@ATL 12/05/2021 01:00PM ET,ATL,-0.06
,,,,,,,,,,,,,,QB,AJ McCarron (20388541),AJ McCarron,20388541,QB,4000,TB@ATL 12/05/2021 01:00PM ET,ATL,0
,,,,,,,,,,,,,,RB,Ke'Shawn Vaughn (20388734),Ke'Shawn Vaughn,20388734,RB/FLEX,4000,TB@ATL 12/05/2021 01:00PM ET,TB,0.52
,,,,,,,,,,,,,,RB,Darwin Thompson (20388736),Darwin Thompson,20388736,RB/FLEX,4000,TB@ATL 12/05/2021 01:00PM ET,TB,0
,,,,,,,,,,,,,,RB,Qadree Ollison (20388738),Qadree Ollison,20388738,RB/FLEX,4000,TB@ATL 12/05/2021 01:00PM ET,ATL,2.7
,,,,,,,,,,,,,,RB,Keith Smith (20388740),Keith Smith,20388740,RB/FLEX,4000,TB@ATL 12/05/2021 01:00PM ET,ATL,1.38
,,,,,,,,,,,,,,RB,Caleb Huntley (20388742),Caleb Huntley,20388742,RB/FLEX,4000,TB@ATL 12/05/2021 01:00PM ET,ATL,0
,,,,,,,,,,,,,,RB,Wayne Gallman Jr. (20388826),Wayne Gallman Jr.,20388826,RB/FLEX,4000,TB@ATL 12/05/2021 01:00PM ET,ATL,2.25
,,,,,,,,,,,,,,QB,Ryan Fitzpatrick (20388534),Ryan Fitzpatrick,20388534,QB,4000,WAS@LV 12/05/2021 04:05PM ET,WAS,0.72
,,,,,,,,,,,,,,QB,Kyle Shurmur (20388535),Kyle Shurmur,20388535,QB,4000,WAS@LV 12/05/2021 04:05PM ET,WAS,0
,,,,,,,,,,,,,,QB,Nathan Peterman (20388536),Nathan Peterman,20388536,QB,4000,WAS@LV 12/05/2021 04:05PM ET,LV,0.2
,,,,,,,,,,,,,,RB,Jaret Patterson (20388718),Jaret Patterson,20388718,RB/FLEX,4000,WAS@LV 12/05/2021 04:05PM ET,WAS,1.21
,,,,,,,,,,,,,,RB,Wendell Smallwood (20388720),Wendell Smallwood,20388720,RB/FLEX,4000,WAS@LV 12/05/2021 04:05PM ET,WAS,0
,,,,,,,,,,,,,,RB,Derrius Guice (20388722),Derrius Guice,20388722,RB/FLEX,4000,WAS@LV 12/05/2021 04:05PM ET,WAS,0
,,,,,,,,,,,,,,RB,Jalen Richard (20388724),Jalen Richard,20388724,RB/FLEX,4000,WAS@LV 12/05/2021 04:05PM ET,LV,2.22
,,,,,,,,,,,,,,RB,Peyton Barber (20388726),Peyton Barber,20388726,RB/FLEX,4000,WAS@LV 12/05/2021 04:05PM ET,LV,7.42
,,,,,,,,,,,,,,RB,Alec Ingold (20388728),Alec Ingold,20388728,RB/FLEX,4000,WAS@LV 12/05/2021 04:05PM ET,LV,2.73
,,,,,,,,,,,,,,RB,Trey Ragas (20388730),Trey Ragas,20388730,RB/FLEX,4000,WAS@LV 12/05/2021 04:05PM ET,LV,0
,,,,,,,,,,,,,,RB,Sutton Smith (20388732),Sutton Smith,20388732,RB/FLEX,4000,WAS@LV 12/05/2021 04:05PM ET,LV,0
,,,,,,,,,,,,,,WR,Curtis Samuel (20388926),Curtis Samuel,20388926,WR/FLEX,4000,WAS@LV 12/05/2021 04:05PM ET,WAS,3
,,,,,,,,,,,,,,TE,Logan Thomas (20389268),Logan Thomas,20389268,TE/FLEX,4000,WAS@LV 12/05/2021 04:05PM ET,WAS,8.16
,,,,,,,,,,,,,,QB,Kyle Lauletta (20388531),Kyle Lauletta,20388531,QB,4000,JAX@LAR 12/05/2021 04:05PM ET,JAX,0
,,,,,,,,,,,,,,QB,John Wolford (20388532),John Wolford,20388532,QB,4000,JAX@LAR 12/05/2021 04:05PM ET,LAR,-0.45
,,,,,,,,,,,,,,QB,Bryce Perkins (20388533),Bryce Perkins,20388533,QB,4000,JAX@LAR 12/05/2021 04:05PM ET,LAR,0
,,,,,,,,,,,,,,QB,C.J. Beathard (20388557),C.J. Beathard,20388557,QB,4000,JAX@LAR 12/05/2021 04:05PM ET,JAX,1.32
,,,,,,,,,,,,,,RB,Dare Ogunbowale (20388698),Dare Ogunbowale,20388698,RB/FLEX,4000,JAX@LAR 12/05/2021 04:05PM ET,JAX,0.68
,,,,,,,,,,,,,,RB,Travis Etienne (20388700),Travis Etienne,20388700,RB/FLEX,4000,JAX@LAR 12/05/2021 04:05PM ET,JAX,0
,,,,,,,,,,,,,,RB,Nathan Cottrell (20388702),Nathan Cottrell,20388702,RB/FLEX,4000,JAX@LAR 12/05/2021 04:05PM ET,JAX,0
,,,,,,,,,,,,,,RB,Jordan Wilkins (20388704),Jordan Wilkins,20388704,RB/FLEX,4000,JAX@LAR 12/05/2021 04:05PM ET,JAX,0
,,,,,,,,,,,,,,RB,Buddy Howell (20388706),Buddy Howell,20388706,RB/FLEX,4000,JAX@LAR 12/05/2021 04:05PM ET,LAR,0.16
,,,,,,,,,,,,,,RB,Cam Akers (20388708),Cam Akers,20388708,RB/FLEX,4000,JAX@LAR 12/05/2021 04:05PM ET,LAR,0
,,,,,,,,,,,,,,RB,Raymond Calais (20388710),Raymond Calais,20388710,RB/FLEX,4000,JAX@LAR 12/05/2021 04:05PM ET,LAR,0
,,,,,,,,,,,,,,RB,Jake Funk (20388712),Jake Funk,20388712,RB/FLEX,4000,JAX@LAR 12/05/2021 04:05PM ET,LAR,0.1
,,,,,,,,,,,,,,RB,Mekhi Sargent (20388714),Mekhi Sargent,20388714,RB/FLEX,4000,JAX@LAR 12/05/2021 04:05PM ET,LAR,0.13
,,,,,,,,,,,,,,RB,Javian Hawkins (20388716),Javian Hawkins,20388716,RB/FLEX,4000,JAX@LAR 12/05/2021 04:05PM ET,LAR,0
,,,,,,,,,,,,,,WR,Jamal Agnew (20388928),Jamal Agnew,20388928,WR/FLEX,4000,JAX@LAR 12/05/2021 04:05PM ET,JAX,8.2
,,,,,,,,,,,,,,DST,Rams  (20389508),Rams ,20389508,DST,4000,JAX@LAR 12/05/2021 04:05PM ET,LAR,5.64
,,,,,,,,,,,,,,QB,Kenji Bahar (20388528),Kenji Bahar,20388528,QB,4000,BAL@PIT 12/05/2021 04:25PM ET,BAL,0
,,,,,,,,,,,,,,QB,Dwayne Haskins Jr. (20388529),Dwayne Haskins Jr.,20388529,QB,4000,BAL@PIT 12/05/2021 04:25PM ET,PIT,0
,,,,,,,,,,,,,,QB,Josh Dobbs (20388530),Josh Dobbs,20388530,QB,4000,BAL@PIT 12/05/2021 04:25PM ET,PIT,0
,,,,,,,,,,,,,,RB,Ty'Son Williams (20388676),Ty'Son Williams,20388676,RB/FLEX,4000,BAL@PIT 12/05/2021 04:25PM ET,BAL,4.61
,,,,,,,,,,,,,,RB,J.K. Dobbins (20388678),J.K. Dobbins,20388678,RB/FLEX,4000,BAL@PIT 12/05/2021 04:25PM ET,BAL,0
,,,,,,,,,,,,,,RB,Gus Edwards (20388680),Gus Edwards,20388680,RB/FLEX,4000,BAL@PIT 12/05/2021 04:25PM ET,BAL,0
,,,,,,,,,,,,,,RB,Justice Hill (20388682),Justice Hill,20388682,RB/FLEX,4000,BAL@PIT 12/05/2021 04:25PM ET,BAL,0
,,,,,,,,,,,,,,RB,Nate McCrary (20388684),Nate McCrary,20388684,RB/FLEX,4000,BAL@PIT 12/05/2021 04:25PM ET,BAL,0
,,,,,,,,,,,,,,RB,Patrick Ricard (20388686),Patrick Ricard,20388686,RB/FLEX,4000,BAL@PIT 12/05/2021 04:25PM ET,BAL,1.71
,,,,,,,,,,,,,,RB,Benny Snell Jr. (20388688),Benny Snell Jr.,20388688,RB/FLEX,4000,BAL@PIT 12/05/2021 04:25PM ET,PIT,0.54
,,,,,,,,,,,,,,RB,Kalen Ballage (20388690),Kalen Ballage,20388690,RB/FLEX,4000,BAL@PIT 12/05/2021 04:25PM ET,PIT,0.58
,,,,,,,,,,,,,,RB,Anthony McFarland Jr. (20388692),Anthony McFarland Jr.,20388692,RB/FLEX,4000,BAL@PIT 12/05/2021 04:25PM ET,PIT,1.2
,,,,,,,,,,,,,,RB,Derek Watt (20388694),Derek Watt,20388694,RB/FLEX,4000,BAL@PIT 12/05/2021 04:25PM ET,PIT,0.41
,,,,,,,,,,,,,,RB,Trey Edmunds (20388696),Trey Edmunds,20388696,RB/FLEX,4000,BAL@PIT 12/05/2021 04:25PM ET,PIT,0
,,,,,,,,,,,,,,QB,Jacob Eason (20388526),Jacob Eason,20388526,QB,4000,SF@SEA 12/05/2021 04:25PM ET,SEA,0
,,,,,,,,,,,,,,QB,Nate Sudfeld (20388527),Nate Sudfeld,20388527,QB,4000,SF@SEA 12/05/2021 04:25PM ET,SF,0
,,,,,,,,,,,,,,RB,Rashaad Penny (20388656),Rashaad Penny,20388656,RB/FLEX,4000,SF@SEA 12/05/2021 04:25PM ET,SEA,1.08
,,,,,,,,,,,,,,RB,Chris Carson (20388658),Chris Carson,20388658,RB/FLEX,4000,SF@SEA 12/05/2021 04:25PM ET,SEA,12.28
,,,,,,,,,,,,,,RB,B.J. Emmons (20388660),B.J. Emmons,20388660,RB/FLEX,4000,SF@SEA 12/05/2021 04:25PM ET,SEA,0
,,,,,,,,,,,,,,RB,Nick Bellore (20388662),Nick Bellore,20388662,RB/FLEX,4000,SF@SEA 12/05/2021 04:25PM ET,SEA,0
,,,,,,,,,,,,,,RB,Josh Johnson (20388664),Josh Johnson,20388664,RB/FLEX,4000,SF@SEA 12/05/2021 04:25PM ET,SEA,0
,,,,,,,,,,,,,,RB,JaMycal Hasty (20388666),JaMycal Hasty,20388666,RB/FLEX,4000,SF@SEA 12/05/2021 04:25PM ET,SF,6.58
,,,,,,,,,,,,,,RB,Trenton Cannon (20388668),Trenton Cannon,20388668,RB/FLEX,4000,SF@SEA 12/05/2021 04:25PM ET,SF,-0.06
,,,,,,,,,,,,,,RB,Raheem Mostert (20388670),Raheem Mostert,20388670,RB/FLEX,4000,SF@SEA 12/05/2021 04:25PM ET,SF,2
,,,,,,,,,,,,,,RB,Kyle Juszczyk (20388672),Kyle Juszczyk,20388672,RB/FLEX,4000,SF@SEA 12/05/2021 04:25PM ET,SF,4.51
,,,,,,,,,,,,,,RB,Josh Hokit (20388674),Josh Hokit,20388674,RB/FLEX,4000,SF@SEA 12/05/2021 04:25PM ET,SF,0
,,,,,,,,,,,,,,WR,DeVante Parker (20388930),DeVante Parker,20388930,WR/FLEX,3900,NYG@MIA 12/05/2021 01:00PM ET,MIA,12.74
,,,,,,,,,,,,,,TE,Dan Arnold (20389270),Dan Arnold,20389270,TE/FLEX,3900,JAX@LAR 12/05/2021 04:05PM ET,JAX,6.98
,,,,,,,,,,,,,,WR,Will Fuller V (20388934),Will Fuller V,20388934,WR/FLEX,3800,NYG@MIA 12/05/2021 01:00PM ET,MIA,4.3
,,,,,,,,,,,,,,WR,Olamide Zaccheaus (20388932),Olamide Zaccheaus,20388932,WR/FLEX,3800,TB@ATL 12/05/2021 01:00PM ET,ATL,5.38
,,,,,,,,,,,,,,TE,Tyler Higbee (20389272),Tyler Higbee,20389272,TE/FLEX,3800,JAX@LAR 12/05/2021 04:05PM ET,LAR,8.34
,,,,,,,,,,,,,,TE,Gerald Everett (20389274),Gerald Everett,20389274,TE/FLEX,3800,SF@SEA 12/05/2021 04:25PM ET,SEA,7.77
,,,,,,,,,,,,,,DST,Colts  (20389509),Colts ,20389509,DST,3700,IND@HOU 12/05/2021 01:00PM ET,IND,8
,,,,,,,,,,,,,,TE,Tyler Conklin (20389276),Tyler Conklin,20389276,TE/FLEX,3700,MIN@DET 12/05/2021 01:00PM ET,MIN,9.03
,,,,,,,,,,,,,,WR,Tajae Sharpe (20388936),Tajae Sharpe,20388936,WR/FLEX,3700,TB@ATL 12/05/2021 01:00PM ET,ATL,3.84
,,,,,,,,,,,,,,WR,Quez Watkins (20388944),Quez Watkins,20388944,WR/FLEX,3600,PHI@NYJ 12/05/2021 01:00PM ET,PHI,6.37
,,,,,,,,,,,,,,DST,Eagles  (20389510),Eagles ,20389510,DST,3600,PHI@NYJ 12/05/2021 01:00PM ET,PHI,7
,,,,,,,,,,,,,,WR,Marquise Goodwin (20388942),Marquise Goodwin,20388942,WR/FLEX,3600,ARI@CHI 12/05/2021 01:00PM ET,CHI,4.78
,,,,,,,,,,,,,,TE,Cole Kmet (20389278),Cole Kmet,20389278,TE/FLEX,3600,ARI@CHI 12/05/2021 01:00PM ET,CHI,6.64
,,,,,,,,,,,,,,WR,DeAndre Carter (20388938),DeAndre Carter,20388938,WR/FLEX,3600,WAS@LV 12/05/2021 04:05PM ET,WAS,6.6
,,,,,,,,,,,,,,WR,Bryan Edwards (20388940),Bryan Edwards,20388940,WR/FLEX,3600,WAS@LV 12/05/2021 04:05PM ET,LV,7.14
,,,,,,,,,,,,,,WR,Devin Duvernay (20388946),Devin Duvernay,20388946,WR/FLEX,3600,BAL@PIT 12/05/2021 04:25PM ET,BAL,6.06
,,,,,,,,,,,,,,WR,Chris Conley (20388948),Chris Conley,20388948,WR/FLEX,3500,IND@HOU 12/05/2021 01:00PM ET,HOU,3.84
,,,,,,,,,,,,,,WR,Zach Pascal (20388954),Zach Pascal,20388954,WR/FLEX,3500,IND@HOU 12/05/2021 01:00PM ET,IND,7.16
,,,,,,,,,,,,,,TE,Evan Engram (20389280),Evan Engram,20389280,TE/FLEX,3500,NYG@MIA 12/05/2021 01:00PM ET,NYG,7.67
,,,,,,,,,,,,,,WR,Quintez Cephus (20388952),Quintez Cephus,20388952,WR/FLEX,3500,MIN@DET 12/05/2021 01:00PM ET,DET,9.88
,,,,,,,,,,,,,,DST,Buccaneers  (20389511),Buccaneers ,20389511,DST,3500,TB@ATL 12/05/2021 01:00PM ET,TB,8.46
,,,,,,,,,,,,,,WR,James Washington (20388950),James Washington,20388950,WR/FLEX,3500,BAL@PIT 12/05/2021 04:25PM ET,PIT,4.27
,,,,,,,,,,,,,,WR,John Ross III (20388956),John Ross III,20388956,WR/FLEX,3400,NYG@MIA 12/05/2021 01:00PM ET,NYG,4.91
,,,,,,,,,,,,,,WR,K.J. Osborn (20388958),K.J. Osborn,20388958,WR/FLEX,3400,MIN@DET 12/05/2021 01:00PM ET,MIN,7.32
,,,,,,,,,,,,,,WR,Josh Reynolds (20388960),Josh Reynolds,20388960,WR/FLEX,3400,MIN@DET 12/05/2021 01:00PM ET,DET,5
,,,,,,,,,,,,,,DST,Cardinals  (20389513),Cardinals ,20389513,DST,3400,ARI@CHI 12/05/2021 01:00PM ET,ARI,8.64
,,,,,,,,,,,,,,TE,Ricky Seals-Jones (20389282),Ricky Seals-Jones,20389282,TE/FLEX,3400,WAS@LV 12/05/2021 04:05PM ET,WAS,6.44
,,,,,,,,,,,,,,DST,Ravens  (20389512),Ravens ,20389512,DST,3400,BAL@PIT 12/05/2021 04:25PM ET,BAL,5.54
,,,,,,,,,,,,,,TE,Jack Doyle (20389284),Jack Doyle,20389284,TE/FLEX,3300,IND@HOU 12/05/2021 01:00PM ET,IND,6.15
,,,,,,,,,,,,,,DST,Dolphins  (20389514),Dolphins ,20389514,DST,3300,NYG@MIA 12/05/2021 01:00PM ET,MIA,7.5
,,,,,,,,,,,,,,WR,Tyler Johnson (20388962),Tyler Johnson,20388962,WR/FLEX,3300,TB@ATL 12/05/2021 01:00PM ET,TB,3.77
,,,,,,,,,,,,,,WR,Adam Humphries (20388966),Adam Humphries,20388966,WR/FLEX,3300,WAS@LV 12/05/2021 04:05PM ET,WAS,4.72
,,,,,,,,,,,,,,WR,Ray-Ray McCloud III (20388964),Ray-Ray McCloud III,20388964,WR/FLEX,3300,BAL@PIT 12/05/2021 04:25PM ET,PIT,3.36
,,,,,,,,,,,,,,WR,Danny Amendola (20388980),Danny Amendola,20388980,WR/FLEX,3200,IND@HOU 12/05/2021 01:00PM ET,HOU,5.21
,,,,,,,,,,,,,,WR,Albert Wilson (20388968),Albert Wilson,20388968,WR/FLEX,3200,NYG@MIA 12/05/2021 01:00PM ET,MIA,3.58
,,,,,,,,,,,,,,DST,Vikings  (20389515),Vikings ,20389515,DST,3200,MIN@DET 12/05/2021 01:00PM ET,MIN,7
,,,,,,,,,,,,,,WR,Keelan Cole Sr. (20388970),Keelan Cole Sr.,20388970,WR/FLEX,3200,PHI@NYJ 12/05/2021 01:00PM ET,NYJ,4.89
,,,,,,,,,,,,,,WR,Jalen Reagor (20388978),Jalen Reagor,20388978,WR/FLEX,3200,PHI@NYJ 12/05/2021 01:00PM ET,PHI,4.97
,,,,,,,,,,,,,,TE,C.J. Uzomah (20389286),C.J. Uzomah,20389286,TE/FLEX,3200,LAC@CIN 12/05/2021 01:00PM ET,CIN,8.46
,,,,,,,,,,,,,,WR,Zay Jones (20388976),Zay Jones,20388976,WR/FLEX,3200,WAS@LV 12/05/2021 04:05PM ET,LV,4
,,,,,,,,,,,,,,WR,Laquon Treadwell (20388974),Laquon Treadwell,20388974,WR/FLEX,3200,JAX@LAR 12/05/2021 04:05PM ET,JAX,2.37
,,,,,,,,,,,,,,WR,Freddie Swain (20388972),Freddie Swain,20388972,WR/FLEX,3200,SF@SEA 12/05/2021 04:25PM ET,SEA,5.27
,,,,,,,,,,,,,,WR,Nico Collins (20388982),Nico Collins,20388982,WR/FLEX,3100,IND@HOU 12/05/2021 01:00PM ET,HOU,5.1
,,,,,,,,,,,,,,WR,Mack Hollins (20388984),Mack Hollins,20388984,WR/FLEX,3100,NYG@MIA 12/05/2021 01:00PM ET,MIA,3.98
,,,,,,,,,,,,,,WR,Antoine Wesley (20388990),Antoine Wesley,20388990,WR/FLEX,3100,ARI@CHI 12/05/2021 01:00PM ET,ARI,2.14
,,,,,,,,,,,,,,WR,Damiere Byrd (20388992),Damiere Byrd,20388992,WR/FLEX,3100,ARI@CHI 12/05/2021 01:00PM ET,CHI,1.49
,,,,,,,,,,,,,,TE,Jared Cook (20389288),Jared Cook,20389288,TE/FLEX,3100,LAC@CIN 12/05/2021 01:00PM ET,LAC,8.19
,,,,,,,,,,,,,,WR,Tavon Austin (20388988),Tavon Austin,20388988,WR/FLEX,3100,JAX@LAR 12/05/2021 04:05PM ET,JAX,3.2
,,,,,,,,,,,,,,WR,Jauan Jennings (20388986),Jauan Jennings,20388986,WR/FLEX,3100,SF@SEA 12/05/2021 04:25PM ET,SF,2.52
,,,,,,,,,,,,,,WR,Ashton Dulin (20389222),Ashton Dulin,20389222,WR/FLEX,3000,IND@HOU 12/05/2021 01:00PM ET,IND,2.59
,,,,,,,,,,,,,,WR,Dezmon Patmon (20389224),Dezmon Patmon,20389224,WR/FLEX,3000,IND@HOU 12/05/2021 01:00PM ET,IND,0.42
,,,,,,,,,,,,,,WR,Mike Strachan (20389226),Mike Strachan,20389226,WR/FLEX,3000,IND@HOU 12/05/2021 01:00PM ET,IND,0.77
,,,,,,,,,,,,,,WR,Parris Campbell (20389228),Parris Campbell,20389228,WR/FLEX,3000,IND@HOU 12/05/2021 01:00PM ET,IND,6.44
,,,,,,,,,,,,,,WR,Quartney Davis (20389230),Quartney Davis,20389230,WR/FLEX,3000,IND@HOU 12/05/2021 01:00PM ET,IND,0
,,,,,,,,,,,,,,WR,Isaiah McKoy (20389232),Isaiah McKoy,20389232,WR/FLEX,3000,IND@HOU 12/05/2021 01:00PM ET,IND,0
,,,,,,,,,,,,,,WR,DeMichael Harris (20389234),DeMichael Harris,20389234,WR/FLEX,3000,IND@HOU 12/05/2021 01:00PM ET,IND,0
,,,,,,,,,,,,,,WR,Keke Coutee (20389236),Keke Coutee,20389236,WR/FLEX,3000,IND@HOU 12/05/2021 01:00PM ET,IND,1.5
,,,,,,,,,,,,,,WR,Chris Moore (20389238),Chris Moore,20389238,WR/FLEX,3000,IND@HOU 12/05/2021 01:00PM ET,HOU,4.74
,,,,,,,,,,,,,,WR,Davion Davis (20389240),Davion Davis,20389240,WR/FLEX,3000,IND@HOU 12/05/2021 01:00PM ET,HOU,0
,,,,,,,,,,,,,,WR,Jordan Veasy (20389242),Jordan Veasy,20389242,WR/FLEX,3000,IND@HOU 12/05/2021 01:00PM ET,HOU,0
,,,,,,,,,,,,,,WR,Jalen Camp (20389244),Jalen Camp,20389244,WR/FLEX,3000,IND@HOU 12/05/2021 01:00PM ET,HOU,0
,,,,,,,,,,,,,,WR,Damon Hazelton (20389246),Damon Hazelton,20389246,WR/FLEX,3000,IND@HOU 12/05/2021 01:00PM ET,HOU,0
,,,,,,,,,,,,,,WR,Collin Johnson (20389194),Collin Johnson,20389194,WR/FLEX,3000,NYG@MIA 12/05/2021 01:00PM ET,NYG,2.1
,,,,,,,,,,,,,,WR,Pharoh Cooper (20389196),Pharoh Cooper,20389196,WR/FLEX,3000,NYG@MIA 12/05/2021 01:00PM ET,NYG,0.63
,,,,,,,,,,,,,,WR,Rysen John (20389198),Rysen John,20389198,WR/FLEX,3000,NYG@MIA 12/05/2021 01:00PM ET,NYG,0
,,,,,,,,,,,,,,WR,C.J. Board (20389200),C.J. Board,20389200,WR/FLEX,3000,NYG@MIA 12/05/2021 01:00PM ET,NYG,1.62
,,,,,,,,,,,,,,WR,Dante Pettis (20389202),Dante Pettis,20389202,WR/FLEX,3000,NYG@MIA 12/05/2021 01:00PM ET,NYG,8.45
,,,,,,,,,,,,,,WR,Alex Bachman (20389204),Alex Bachman,20389204,WR/FLEX,3000,NYG@MIA 12/05/2021 01:00PM ET,NYG,0
,,,,,,,,,,,,,,WR,David Sills (20389206),David Sills,20389206,WR/FLEX,3000,NYG@MIA 12/05/2021 01:00PM ET,NYG,0
,,,,,,,,,,,,,,WR,Corey Coleman (20389208),Corey Coleman,20389208,WR/FLEX,3000,NYG@MIA 12/05/2021 01:00PM ET,NYG,0
,,,,,,,,,,,,,,WR,Isaiah Ford (20389210),Isaiah Ford,20389210,WR/FLEX,3000,NYG@MIA 12/05/2021 01:00PM ET,MIA,2.98
,,,,,,,,,,,,,,WR,Preston Williams (20389212),Preston Williams,20389212,WR/FLEX,3000,NYG@MIA 12/05/2021 01:00PM ET,MIA,2.3
,,,,,,,,,,,,,,WR,Lynn Bowden Jr. (20389214),Lynn Bowden Jr.,20389214,WR/FLEX,3000,NYG@MIA 12/05/2021 01:00PM ET,MIA,0
,,,,,,,,,,,,,,WR,Allen Hurns (20389216),Allen Hurns,20389216,WR/FLEX,3000,NYG@MIA 12/05/2021 01:00PM ET,MIA,0
,,,,,,,,,,,,,,WR,Travis Fulgham (20389218),Travis Fulgham,20389218,WR/FLEX,3000,NYG@MIA 12/05/2021 01:00PM ET,MIA,0
,,,,,,,,,,,,,,WR,Kirk Merritt (20389220),Kirk Merritt,20389220,WR/FLEX,3000,NYG@MIA 12/05/2021 01:00PM ET,MIA,2.3
,,,,,,,,,,,,,,WR,Dede Westbrook (20389172),Dede Westbrook,20389172,WR/FLEX,3000,MIN@DET 12/05/2021 01:00PM ET,MIN,1.46
,,,,,,,,,,,,,,WR,Dan Chisena (20389174),Dan Chisena,20389174,WR/FLEX,3000,MIN@DET 12/05/2021 01:00PM ET,MIN,0
,,,,,,,,,,,,,,WR,Ihmir Smith-Marsette (20389176),Ihmir Smith-Marsette,20389176,WR/FLEX,3000,MIN@DET 12/05/2021 01:00PM ET,MIN,0.4
,,,,,,,,,,,,,,WR,Olabisi Johnson (20389178),Olabisi Johnson,20389178,WR/FLEX,3000,MIN@DET 12/05/2021 01:00PM ET,MIN,0
,,,,,,,,,,,,,,WR,Blake Proehl (20389180),Blake Proehl,20389180,WR/FLEX,3000,MIN@DET 12/05/2021 01:00PM ET,MIN,0
,,,,,,,,,,,,,,WR,Trishton Jackson (20389182),Trishton Jackson,20389182,WR/FLEX,3000,MIN@DET 12/05/2021 01:00PM ET,MIN,0
,,,,,,,,,,,,,,WR,Myron Mitchell (20389184),Myron Mitchell,20389184,WR/FLEX,3000,MIN@DET 12/05/2021 01:00PM ET,MIN,0
,,,,,,,,,,,,,,WR,Trinity Benson (20389186),Trinity Benson,20389186,WR/FLEX,3000,MIN@DET 12/05/2021 01:00PM ET,DET,2.17
,,,,,,,,,,,,,,WR,KhaDarel Hodge (20389188),KhaDarel Hodge,20389188,WR/FLEX,3000,MIN@DET 12/05/2021 01:00PM ET,DET,1.31
,,,,,,,,,,,,,,WR,Tom Kennedy (20389190),Tom Kennedy,20389190,WR/FLEX,3000,MIN@DET 12/05/2021 01:00PM ET,DET,0.42
,,,,,,,,,,,,,,WR,Geronimo Allison (20389192),Geronimo Allison,20389192,WR/FLEX,3000,MIN@DET 12/05/2021 01:00PM ET,DET,0
,,,,,,,,,,,,,,WR,JJ Arcega-Whiteside (20389150),JJ Arcega-Whiteside,20389150,WR/FLEX,3000,PHI@NYJ 12/05/2021 01:00PM ET,PHI,0.51
,,,,,,,,,,,,,,WR,Greg Ward (20389152),Greg Ward,20389152,WR/FLEX,3000,PHI@NYJ 12/05/2021 01:00PM ET,PHI,1.42
,,,,,,,,,,,,,,WR,John Hightower (20389154),John Hightower,20389154,WR/FLEX,3000,PHI@NYJ 12/05/2021 01:00PM ET,PHI,0
,,,,,,,,,,,,,,WR,Deon Cain (20389156),Deon Cain,20389156,WR/FLEX,3000,PHI@NYJ 12/05/2021 01:00PM ET,PHI,0
,,,,,,,,,,,,,,WR,KeeSean Johnson (20389158),KeeSean Johnson,20389158,WR/FLEX,3000,PHI@NYJ 12/05/2021 01:00PM ET,PHI,0
,,,,,,,,,,,,,,WR,Denzel Mims (20389160),Denzel Mims,20389160,WR/FLEX,3000,PHI@NYJ 12/05/2021 01:00PM ET,NYJ,3.32
,,,,,,,,,,,,,,WR,Braxton Berrios (20389162),Braxton Berrios,20389162,WR/FLEX,3000,PHI@NYJ 12/05/2021 01:00PM ET,NYJ,5.14
,,,,,,,,,,,,,,WR,Jeff Smith (20389164),Jeff Smith,20389164,WR/FLEX,3000,PHI@NYJ 12/05/2021 01:00PM ET,NYJ,1.96
,,,,,,,,,,,,,,WR,Vyncint Smith (20389166),Vyncint Smith,20389166,WR/FLEX,3000,PHI@NYJ 12/05/2021 01:00PM ET,NYJ,0
,,,,,,,,,,,,,,WR,D.J. Montgomery (20389168),D.J. Montgomery,20389168,WR/FLEX,3000,PHI@NYJ 12/05/2021 01:00PM ET,NYJ,0
,,,,,,,,,,,,,,WR,Keelan Doss (20389170),Keelan Doss,20389170,WR/FLEX,3000,PHI@NYJ 12/05/2021 01:00PM ET,NYJ,0
,,,,,,,,,,,,,,TE,Jack Stoll (20389292),Jack Stoll,20389292,TE/FLEX,3000,PHI@NYJ 12/05/2021 01:00PM ET,PHI,0.38
,,,,,,,,,,,,,,WR,Andy Isabella (20389134),Andy Isabella,20389134,WR/FLEX,3000,ARI@CHI 12/05/2021 01:00PM ET,ARI,0
,,,,,,,,,,,,,,WR,Andre Baccellia (20389136),Andre Baccellia,20389136,WR/FLEX,3000,ARI@CHI 12/05/2021 01:00PM ET,ARI,0
,,,,,,,,,,,,,,WR,Greg Dortch (20389138),Greg Dortch,20389138,WR/FLEX,3000,ARI@CHI 12/05/2021 01:00PM ET,ARI,0
,,,,,,,,,,,,,,WR,Jakeem Grant Sr. (20389140),Jakeem Grant Sr.,20389140,WR/FLEX,3000,ARI@CHI 12/05/2021 01:00PM ET,CHI,0.5
,,,,,,,,,,,,,,WR,Isaiah Coulter (20389142),Isaiah Coulter,20389142,WR/FLEX,3000,ARI@CHI 12/05/2021 01:00PM ET,CHI,0
,,,,,,,,,,,,,,WR,Nsimba Webster (20389144),Nsimba Webster,20389144,WR/FLEX,3000,ARI@CHI 12/05/2021 01:00PM ET,CHI,0
,,,,,,,,,,,,,,WR,Rodney Adams (20389146),Rodney Adams,20389146,WR/FLEX,3000,ARI@CHI 12/05/2021 01:00PM ET,CHI,0
,,,,,,,,,,,,,,WR,Dazz Newsome (20389148),Dazz Newsome,20389148,WR/FLEX,3000,ARI@CHI 12/05/2021 01:00PM ET,CHI,0
,,,,,,,,,,,,,,WR,Jalen Guyton (20389108),Jalen Guyton,20389108,WR/FLEX,3000,LAC@CIN 12/05/2021 01:00PM ET,LAC,3.39
,,,,,,,,,,,,,,WR,Joshua Palmer (20389110),Joshua Palmer,20389110,WR/FLEX,3000,LAC@CIN 12/05/2021 01:00PM ET,LAC,3.49
,,,,,,,,,,,,,,WR,Andre Roberts (20389112),Andre Roberts,20389112,WR/FLEX,3000,LAC@CIN 12/05/2021 01:00PM ET,LAC,0.44
,,,,,,,,,,,,,,WR,Jason Moore Jr. (20389114),Jason Moore Jr.,20389114,WR/FLEX,3000,LAC@CIN 12/05/2021 01:00PM ET,LAC,0
,,,,,,,,,,,,,,WR,Maurice Ffrench (20389116),Maurice Ffrench,20389116,WR/FLEX,3000,LAC@CIN 12/05/2021 01:00PM ET,LAC,0
,,,,,,,,,,,,,,WR,K.J. Hill (20389118),K.J. Hill,20389118,WR/FLEX,3000,LAC@CIN 12/05/2021 01:00PM ET,LAC,1
,,,,,,,,,,,,,,WR,Michael Bandy (20389120),Michael Bandy,20389120,WR/FLEX,3000,LAC@CIN 12/05/2021 01:00PM ET,LAC,0
,,,,,,,,,,,,,,WR,Auden Tate (20389122),Auden Tate,20389122,WR/FLEX,3000,LAC@CIN 12/05/2021 01:00PM ET,CIN,1.84
,,,,,,,,,,,,,,WR,Stanley Morgan (20389124),Stanley Morgan,20389124,WR/FLEX,3000,LAC@CIN 12/05/2021 01:00PM ET,CIN,0.12
,,,,,,,,,,,,,,WR,Mike Thomas (20389126),Mike Thomas,20389126,WR/FLEX,3000,LAC@CIN 12/05/2021 01:00PM ET,CIN,1.28
,,,,,,,,,,,,,,WR,Trenton Irwin (20389128),Trenton Irwin,20389128,WR/FLEX,3000,LAC@CIN 12/05/2021 01:00PM ET,CIN,0.7
,,,,,,,,,,,,,,WR,Trent Taylor (20389130),Trent Taylor,20389130,WR/FLEX,3000,LAC@CIN 12/05/2021 01:00PM ET,CIN,0
,,,,,,,,,,,,,,WR,Pooka Williams Jr. (20389132),Pooka Williams Jr.,20389132,WR/FLEX,3000,LAC@CIN 12/05/2021 01:00PM ET,CIN,0
,,,,,,,,,,,,,,DST,Chargers  (20389517),Chargers ,20389517,DST,3000,LAC@CIN 12/05/2021 01:00PM ET,LAC,3.54
,,,,,,,,,,,,,,WR,Scotty Miller (20389088),Scotty Miller,20389088,WR/FLEX,3000,TB@ATL 12/05/2021 01:00PM ET,TB,0.78
,,,,,,,,,,,,,,WR,Jaelon Darden (20389090),Jaelon Darden,20389090,WR/FLEX,3000,TB@ATL 12/05/2021 01:00PM ET,TB,1.9
,,,,,,,,,,,,,,WR,Justin Watson (20389092),Justin Watson,20389092,WR/FLEX,3000,TB@ATL 12/05/2021 01:00PM ET,TB,0
,,,,,,,,,,,,,,WR,Cyril Grayson (20389094),Cyril Grayson,20389094,WR/FLEX,3000,TB@ATL 12/05/2021 01:00PM ET,TB,6
,,,,,,,,,,,,,,WR,Breshad Perriman (20389096),Breshad Perriman,20389096,WR/FLEX,3000,TB@ATL 12/05/2021 01:00PM ET,TB,1.8
,,,,,,,,,,,,,,WR,John Hurst (20389098),John Hurst,20389098,WR/FLEX,3000,TB@ATL 12/05/2021 01:00PM ET,TB,0
,,,,,,,,,,,,,,WR,Frank Darby (20389100),Frank Darby,20389100,WR/FLEX,3000,TB@ATL 12/05/2021 01:00PM ET,ATL,0.48
,,,,,,,,,,,,,,WR,Christian Blake (20389102),Christian Blake,20389102,WR/FLEX,3000,TB@ATL 12/05/2021 01:00PM ET,ATL,0.5
,,,,,,,,,,,,,,WR,Austin Trammell (20389104),Austin Trammell,20389104,WR/FLEX,3000,TB@ATL 12/05/2021 01:00PM ET,ATL,0
,,,,,,,,,,,,,,WR,Marvin Hall (20389106),Marvin Hall,20389106,WR/FLEX,3000,TB@ATL 12/05/2021 01:00PM ET,ATL,0
,,,,,,,,,,,,,,TE,Cameron Brate (20389290),Cameron Brate,20389290,TE/FLEX,3000,TB@ATL 12/05/2021 01:00PM ET,TB,3.92
,,,,,,,,,,,,,,WR,Cam Sims (20389068),Cam Sims,20389068,WR/FLEX,3000,WAS@LV 12/05/2021 04:05PM ET,WAS,2.72
,,,,,,,,,,,,,,WR,Dax Milne (20389070),Dax Milne,20389070,WR/FLEX,3000,WAS@LV 12/05/2021 04:05PM ET,WAS,1.46
,,,,,,,,,,,,,,WR,Dyami Brown (20389072),Dyami Brown,20389072,WR/FLEX,3000,WAS@LV 12/05/2021 04:05PM ET,WAS,1.74
,,,,,,,,,,,,,,WR,Antonio Gandy-Golden (20389074),Antonio Gandy-Golden,20389074,WR/FLEX,3000,WAS@LV 12/05/2021 04:05PM ET,WAS,0
,,,,,,,,,,,,,,WR,Kelvin Harmon (20389076),Kelvin Harmon,20389076,WR/FLEX,3000,WAS@LV 12/05/2021 04:05PM ET,WAS,0
,,,,,,,,,,,,,,WR,Marken Michel (20389078),Marken Michel,20389078,WR/FLEX,3000,WAS@LV 12/05/2021 04:05PM ET,WAS,0
,,,,,,,,,,,,,,WR,Dillon Stoner (20389080),Dillon Stoner,20389080,WR/FLEX,3000,WAS@LV 12/05/2021 04:05PM ET,LV,0
,,,,,,,,,,,,,,WR,Javon Wims (20389082),Javon Wims,20389082,WR/FLEX,3000,WAS@LV 12/05/2021 04:05PM ET,LV,0
,,,,,,,,,,,,,,WR,DJ Turner (20389084),DJ Turner,20389084,WR/FLEX,3000,WAS@LV 12/05/2021 04:05PM ET,LV,0
,,,,,,,,,,,,,,WR,Tyron Johnson (20389086),Tyron Johnson,20389086,WR/FLEX,3000,WAS@LV 12/05/2021 04:05PM ET,LV,0.72
,,,,,,,,,,,,,,WR,John Brown (20389040),John Brown,20389040,WR/FLEX,3000,JAX@LAR 12/05/2021 04:05PM ET,JAX,0
,,,,,,,,,,,,,,WR,Jaydon Mickens (20389042),Jaydon Mickens,20389042,WR/FLEX,3000,JAX@LAR 12/05/2021 04:05PM ET,JAX,0
,,,,,,,,,,,,,,WR,DJ Chark Jr. (20389044),DJ Chark Jr.,20389044,WR/FLEX,3000,JAX@LAR 12/05/2021 04:05PM ET,JAX,8.6
,,,,,,,,,,,,,,WR,Terry Godwin (20389046),Terry Godwin,20389046,WR/FLEX,3000,JAX@LAR 12/05/2021 04:05PM ET,JAX,0
,,,,,,,,,,,,,,WR,Josh Hammond (20389048),Josh Hammond,20389048,WR/FLEX,3000,JAX@LAR 12/05/2021 04:05PM ET,JAX,0
,,,,,,,,,,,,,,WR,Tim Jones (20389050),Tim Jones,20389050,WR/FLEX,3000,JAX@LAR 12/05/2021 04:05PM ET,JAX,0
,,,,,,,,,,,,,,WR,Jeff Cotton Jr. (20389052),Jeff Cotton Jr.,20389052,WR/FLEX,3000,JAX@LAR 12/05/2021 04:05PM ET,JAX,0
,,,,,,,,,,,,,,WR,Ben Skowronek (20389054),Ben Skowronek,20389054,WR/FLEX,3000,JAX@LAR 12/05/2021 04:05PM ET,LAR,0.98
,,,,,,,,,,,,,,WR,J.J. Koski (20389056),J.J. Koski,20389056,WR/FLEX,3000,JAX@LAR 12/05/2021 04:05PM ET,LAR,-0.33
,,,,,,,,,,,,,,WR,Landen Akers (20389058),Landen Akers,20389058,WR/FLEX,3000,JAX@LAR 12/05/2021 04:05PM ET,LAR,0
,,,,,,,,,,,,,,WR,Robert Woods (20389060),Robert Woods,20389060,WR/FLEX,3000,JAX@LAR 12/05/2021 04:05PM ET,LAR,15.58
,,,,,,,,,,,,,,WR,Tutu Atwell (20389062),Tutu Atwell,20389062,WR/FLEX,3000,JAX@LAR 12/05/2021 04:05PM ET,LAR,0
,,,,,,,,,,,,,,WR,Warren Jackson (20389064),Warren Jackson,20389064,WR/FLEX,3000,JAX@LAR 12/05/2021 04:05PM ET,LAR,0
,,,,,,,,,,,,,,WR,Brandon Powell (20389066),Brandon Powell,20389066,WR/FLEX,3000,JAX@LAR 12/05/2021 04:05PM ET,LAR,0
,,,,,,,,,,,,,,WR,Miles Boykin (20389020),Miles Boykin,20389020,WR/FLEX,3000,BAL@PIT 12/05/2021 04:25PM ET,BAL,0.32
,,,,,,,,,,,,,,WR,James Proche (20389022),James Proche,20389022,WR/FLEX,3000,BAL@PIT 12/05/2021 04:25PM ET,BAL,1.98
,,,,,,,,,,,,,,WR,Tylan Wallace (20389024),Tylan Wallace,20389024,WR/FLEX,3000,BAL@PIT 12/05/2021 04:25PM ET,BAL,0
,,,,,,,,,,,,,,WR,Binjimen Victor (20389026),Binjimen Victor,20389026,WR/FLEX,3000,BAL@PIT 12/05/2021 04:25PM ET,BAL,0
,,,,,,,,,,,,,,WR,Jaylon Moore (20389028),Jaylon Moore,20389028,WR/FLEX,3000,BAL@PIT 12/05/2021 04:25PM ET,BAL,0
,,,,,,,,,,,,,,WR,Anthony Miller (20389030),Anthony Miller,20389030,WR/FLEX,3000,BAL@PIT 12/05/2021 04:25PM ET,PIT,4.83
,,,,,,,,,,,,,,WR,Cody White (20389032),Cody White,20389032,WR/FLEX,3000,BAL@PIT 12/05/2021 04:25PM ET,PIT,0.41
,,,,,,,,,,,,,,WR,JuJu Smith-Schuster (20389034),JuJu Smith-Schuster,20389034,WR/FLEX,3000,BAL@PIT 12/05/2021 04:25PM ET,PIT,6.96
,,,,,,,,,,,,,,WR,Tyler Vaughns (20389036),Tyler Vaughns,20389036,WR/FLEX,3000,BAL@PIT 12/05/2021 04:25PM ET,PIT,0
,,,,,,,,,,,,,,WR,Steven Sims Jr. (20389038),Steven Sims Jr.,20389038,WR/FLEX,3000,BAL@PIT 12/05/2021 04:25PM ET,PIT,0
,,,,,,,,,,,,,,WR,Dee Eskridge (20388994),Dee Eskridge,20388994,WR/FLEX,3000,SF@SEA 12/05/2021 04:25PM ET,SEA,1.85
,,,,,,,,,,,,,,WR,Penny Hart (20388996),Penny Hart,20388996,WR/FLEX,3000,SF@SEA 12/05/2021 04:25PM ET,SEA,0.71
,,,,,,,,,,,,,,WR,John Ursua (20388998),John Ursua,20388998,WR/FLEX,3000,SF@SEA 12/05/2021 04:25PM ET,SEA,0
,,,,,,,,,,,,,,WR,Aaron Fuller (20389000),Aaron Fuller,20389000,WR/FLEX,3000,SF@SEA 12/05/2021 04:25PM ET,SEA,0
,,,,,,,,,,,,,,WR,Phillip Dorsett II (20389002),Phillip Dorsett II,20389002,WR/FLEX,3000,SF@SEA 12/05/2021 04:25PM ET,SEA,0.43
,,,,,,,,,,,,,,WR,Cody Thompson (20389004),Cody Thompson,20389004,WR/FLEX,3000,SF@SEA 12/05/2021 04:25PM ET,SEA,0
,,,,,,,,,,,,,,WR,Trent Sherfield (20389006),Trent Sherfield,20389006,WR/FLEX,3000,SF@SEA 12/05/2021 04:25PM ET,SF,1.42
,,,,,,,,,,,,,,WR,Travis Benjamin (20389008),Travis Benjamin,20389008,WR/FLEX,3000,SF@SEA 12/05/2021 04:25PM ET,SF,0
,,,,,,,,,,,,,,WR,Mohamed Sanu Sr. (20389010),Mohamed Sanu Sr.,20389010,WR/FLEX,3000,SF@SEA 12/05/2021 04:25PM ET,SF,4.09
,,,,,,,,,,,,,,WR,Richie James (20389012),Richie James,20389012,WR/FLEX,3000,SF@SEA 12/05/2021 04:25PM ET,SF,0
,,,,,,,,,,,,,,WR,Devin Funchess (20389014),Devin Funchess,20389014,WR/FLEX,3000,SF@SEA 12/05/2021 04:25PM ET,SF,0
,,,,,,,,,,,,,,WR,River Cracraft (20389016),River Cracraft,20389016,WR/FLEX,3000,SF@SEA 12/05/2021 04:25PM ET,SF,0
,,,,,,,,,,,,,,WR,Connor Wedington (20389018),Connor Wedington,20389018,WR/FLEX,3000,SF@SEA 12/05/2021 04:25PM ET,SF,0
,,,,,,,,,,,,,,DST,49ers  (20389516),49ers ,20389516,DST,3000,SF@SEA 12/05/2021 04:25PM ET,SF,6.18
,,,,,,,,,,,,,,TE,Jimmy Graham (20389294),Jimmy Graham,20389294,TE/FLEX,2900,ARI@CHI 12/05/2021 01:00PM ET,CHI,2.42
,,,,,,,,,,,,,,TE,Zach Gentry (20389296),Zach Gentry,20389296,TE/FLEX,2900,BAL@PIT 12/05/2021 04:25PM ET,PIT,1.27
,,,,,,,,,,,,,,DST,Steelers  (20389518),Steelers ,20389518,DST,2900,BAL@PIT 12/05/2021 04:25PM ET,PIT,5.46
,,,,,,,,,,,,,,TE,Pharaoh Brown (20389300),Pharaoh Brown,20389300,TE/FLEX,2800,IND@HOU 12/05/2021 01:00PM ET,HOU,2.93
,,,,,,,,,,,,,,TE,Donald Parham Jr. (20389298),Donald Parham Jr.,20389298,TE/FLEX,2800,LAC@CIN 12/05/2021 01:00PM ET,LAC,4.86
,,,,,,,,,,,,,,DST,Bengals  (20389519),Bengals ,20389519,DST,2800,LAC@CIN 12/05/2021 01:00PM ET,CIN,6.82
,,,,,,,,,,,,,,DST,Raiders  (20389520),Raiders ,20389520,DST,2800,WAS@LV 12/05/2021 04:05PM ET,LV,4.27
,,,,,,,,,,,,,,TE,Jordan Akins (20389308),Jordan Akins,20389308,TE/FLEX,2700,IND@HOU 12/05/2021 01:00PM ET,HOU,4.19
,,,,,,,,,,,,,,TE,Kyle Rudolph (20389306),Kyle Rudolph,20389306,TE/FLEX,2700,NYG@MIA 12/05/2021 01:00PM ET,NYG,3.97
,,,,,,,,,,,,,,DST,Giants  (20389522),Giants ,20389522,DST,2700,NYG@MIA 12/05/2021 01:00PM ET,NYG,6.46
,,,,,,,,,,,,,,TE,Foster Moreau (20389304),Foster Moreau,20389304,TE/FLEX,2700,WAS@LV 12/05/2021 04:05PM ET,LV,3.96
,,,,,,,,,,,,,,TE,Eric Ebron (20389302),Eric Ebron,20389302,TE/FLEX,2700,BAL@PIT 12/05/2021 04:25PM ET,PIT,4.06
,,,,,,,,,,,,,,DST,Seahawks  (20389521),Seahawks ,20389521,DST,2700,SF@SEA 12/05/2021 04:25PM ET,SEA,5.18
,,,,,,,,,,,,,,TE,Mo Alie-Cox (20389316),Mo Alie-Cox,20389316,TE/FLEX,2600,IND@HOU 12/05/2021 01:00PM ET,IND,5.16
,,,,,,,,,,,,,,TE,Ryan Griffin (20389310),Ryan Griffin,20389310,TE/FLEX,2600,PHI@NYJ 12/05/2021 01:00PM ET,NYJ,4.08
,,,,,,,,,,,,,,DST,Bears  (20389523),Bears ,20389523,DST,2600,ARI@CHI 12/05/2021 01:00PM ET,CHI,6.09
,,,,,,,,,,,,,,TE,O.J. Howard (20389314),O.J. Howard,20389314,TE/FLEX,2600,TB@ATL 12/05/2021 01:00PM ET,TB,3.04
,,,,,,,,,,,,,,TE,John Bates (20389312),John Bates,20389312,TE/FLEX,2600,WAS@LV 12/05/2021 04:05PM ET,WAS,1.49
,,,,,,,,,,,,,,TE,James O'Shaughnessy (20389318),James O'Shaughnessy,20389318,TE/FLEX,2600,JAX@LAR 12/05/2021 04:05PM ET,JAX,7.37
,,,,,,,,,,,,,,TE,Kylen Granson (20389494),Kylen Granson,20389494,TE/FLEX,2500,IND@HOU 12/05/2021 01:00PM ET,IND,1.53
,,,,,,,,,,,,,,TE,Farrod Green (20389496),Farrod Green,20389496,TE/FLEX,2500,IND@HOU 12/05/2021 01:00PM ET,IND,0
,,,,,,,,,,,,,,TE,Michael Jacobson (20389498),Michael Jacobson,20389498,TE/FLEX,2500,IND@HOU 12/05/2021 01:00PM ET,IND,0
,,,,,,,,,,,,,,TE,Eli Wolf (20389500),Eli Wolf,20389500,TE/FLEX,2500,IND@HOU 12/05/2021 01:00PM ET,IND,0
,,,,,,,,,,,,,,TE,Antony Auclair (20389502),Antony Auclair,20389502,TE/FLEX,2500,IND@HOU 12/05/2021 01:00PM ET,HOU,1.13
,,,,,,,,,,,,,,TE,Brevin Jordan (20389504),Brevin Jordan,20389504,TE/FLEX,2500,IND@HOU 12/05/2021 01:00PM ET,HOU,7.25
,,,,,,,,,,,,,,TE,Paul Quessenberry (20389506),Paul Quessenberry,20389506,TE/FLEX,2500,IND@HOU 12/05/2021 01:00PM ET,HOU,0
,,,,,,,,,,,,,,TE,Durham Smythe (20389320),Durham Smythe,20389320,TE/FLEX,2500,NYG@MIA 12/05/2021 01:00PM ET,MIA,4.22
,,,,,,,,,,,,,,TE,Kaden Smith (20389478),Kaden Smith,20389478,TE/FLEX,2500,NYG@MIA 12/05/2021 01:00PM ET,NYG,0.7
,,,,,,,,,,,,,,TE,Chris Myarick (20389480),Chris Myarick,20389480,TE/FLEX,2500,NYG@MIA 12/05/2021 01:00PM ET,NYG,3.03
,,,,,,,,,,,,,,TE,Levine Toilolo (20389482),Levine Toilolo,20389482,TE/FLEX,2500,NYG@MIA 12/05/2021 01:00PM ET,NYG,0
,,,,,,,,,,,,,,TE,Jake Hausmann (20389484),Jake Hausmann,20389484,TE/FLEX,2500,NYG@MIA 12/05/2021 01:00PM ET,NYG,0
,,,,,,,,,,,,,,TE,Deon Yelder (20389486),Deon Yelder,20389486,TE/FLEX,2500,NYG@MIA 12/05/2021 01:00PM ET,NYG,0.33
,,,,,,,,,,,,,,TE,Adam Shaheen (20389488),Adam Shaheen,20389488,TE/FLEX,2500,NYG@MIA 12/05/2021 01:00PM ET,MIA,2.56
,,,,,,,,,,,,,,TE,Cethan Carter (20389490),Cethan Carter,20389490,TE/FLEX,2500,NYG@MIA 12/05/2021 01:00PM ET,MIA,0.3
,,,,,,,,,,,,,,TE,Hunter Long (20389492),Hunter Long,20389492,TE/FLEX,2500,NYG@MIA 12/05/2021 01:00PM ET,MIA,0
,,,,,,,,,,,,,,TE,Chris Herndon (20389454),Chris Herndon,20389454,TE/FLEX,2500,MIN@DET 12/05/2021 01:00PM ET,MIN,1.03
,,,,,,,,,,,,,,TE,Luke Stocker (20389456),Luke Stocker,20389456,TE/FLEX,2500,MIN@DET 12/05/2021 01:00PM ET,MIN,0.53
,,,,,,,,,,,,,,TE,Irv Smith Jr. (20389458),Irv Smith Jr.,20389458,TE/FLEX,2500,MIN@DET 12/05/2021 01:00PM ET,MIN,0
,,,,,,,,,,,,,,TE,Ben Ellefson (20389460),Ben Ellefson,20389460,TE/FLEX,2500,MIN@DET 12/05/2021 01:00PM ET,MIN,0
,,,,,,,,,,,,,,TE,Brandon Dillon (20389462),Brandon Dillon,20389462,TE/FLEX,2500,MIN@DET 12/05/2021 01:00PM ET,MIN,0
,,,,,,,,,,,,,,TE,Zach Davidson (20389464),Zach Davidson,20389464,TE/FLEX,2500,MIN@DET 12/05/2021 01:00PM ET,MIN,0
,,,,,,,,,,,,,,TE,Andrew DePaola (20389466),Andrew DePaola,20389466,TE/FLEX,2500,MIN@DET 12/05/2021 01:00PM ET,MIN,0
,,,,,,,,,,,,,,TE,Brock Wright (20389468),Brock Wright,20389468,TE/FLEX,2500,MIN@DET 12/05/2021 01:00PM ET,DET,0.68
,,,,,,,,,,,,,,TE,Hunter Bryant (20389470),Hunter Bryant,20389470,TE/FLEX,2500,MIN@DET 12/05/2021 01:00PM ET,DET,0
,,,,,,,,,,,,,,TE,Charlie Taumoepeau (20389472),Charlie Taumoepeau,20389472,TE/FLEX,2500,MIN@DET 12/05/2021 01:00PM ET,DET,0
,,,,,,,,,,,,,,TE,Nick Eubanks (20389474),Nick Eubanks,20389474,TE/FLEX,2500,MIN@DET 12/05/2021 01:00PM ET,DET,0
,,,,,,,,,,,,,,TE,Shane Zylstra (20389476),Shane Zylstra,20389476,TE/FLEX,2500,MIN@DET 12/05/2021 01:00PM ET,DET,0
,,,,,,,,,,,,,,TE,Tyree Jackson (20389440),Tyree Jackson,20389440,TE/FLEX,2500,PHI@NYJ 12/05/2021 01:00PM ET,PHI,0
,,,,,,,,,,,,,,TE,Jason Croom (20389442),Jason Croom,20389442,TE/FLEX,2500,PHI@NYJ 12/05/2021 01:00PM ET,PHI,0
,,,,,,,,,,,,,,TE,Richard Rodgers (20389444),Richard Rodgers,20389444,TE/FLEX,2500,PHI@NYJ 12/05/2021 01:00PM ET,PHI,0
,,,,,,,,,,,,,,TE,Noah Togiai (20389446),Noah Togiai,20389446,TE/FLEX,2500,PHI@NYJ 12/05/2021 01:00PM ET,PHI,0
,,,,,,,,,,,,,,TE,Trevon Wesco (20389448),Trevon Wesco,20389448,TE/FLEX,2500,PHI@NYJ 12/05/2021 01:00PM ET,NYJ,0.36
,,,,,,,,,,,,,,TE,Kenny Yeboah (20389450),Kenny Yeboah,20389450,TE/FLEX,2500,PHI@NYJ 12/05/2021 01:00PM ET,NYJ,0
,,,,,,,,,,,,,,TE,Tyler Kroft (20389452),Tyler Kroft,20389452,TE/FLEX,2500,PHI@NYJ 12/05/2021 01:00PM ET,NYJ,4.4
,,,,,,,,,,,,,,DST,Jets  (20389525),Jets ,20389525,DST,2500,PHI@NYJ 12/05/2021 01:00PM ET,NYJ,2.91
,,,,,,,,,,,,,,TE,Darrell Daniels (20389418),Darrell Daniels,20389418,TE/FLEX,2500,ARI@CHI 12/05/2021 01:00PM ET,ARI,0.11
,,,,,,,,,,,,,,TE,Demetrius Harris (20389420),Demetrius Harris,20389420,TE/FLEX,2500,ARI@CHI 12/05/2021 01:00PM ET,ARI,0
,,,,,,,,,,,,,,TE,Maxx Williams (20389422),Maxx Williams,20389422,TE/FLEX,2500,ARI@CHI 12/05/2021 01:00PM ET,ARI,8.26
,,,,,,,,,,,,,,TE,David Wells (20389424),David Wells,20389424,TE/FLEX,2500,ARI@CHI 12/05/2021 01:00PM ET,ARI,0
,,,,,,,,,,,,,,TE,Beau Brinkley (20389426),Beau Brinkley,20389426,TE/FLEX,2500,ARI@CHI 12/05/2021 01:00PM ET,ARI,0
,,,,,,,,,,,,,,TE,Bernhard Seikovits (20389428),Bernhard Seikovits,20389428,TE/FLEX,2500,ARI@CHI 12/05/2021 01:00PM ET,ARI,0
,,,,,,,,,,,,,,TE,Alex Ellis (20389430),Alex Ellis,20389430,TE/FLEX,2500,ARI@CHI 12/05/2021 01:00PM ET,ARI,0
,,,,,,,,,,,,,,TE,Jesse James (20389432),Jesse James,20389432,TE/FLEX,2500,ARI@CHI 12/05/2021 01:00PM ET,CHI,1.78
,,,,,,,,,,,,,,TE,J.P. Holtz (20389434),J.P. Holtz,20389434,TE/FLEX,2500,ARI@CHI 12/05/2021 01:00PM ET,CHI,0
,,,,,,,,,,,,,,TE,Jesper Horsted (20389436),Jesper Horsted,20389436,TE/FLEX,2500,ARI@CHI 12/05/2021 01:00PM ET,CHI,1.44
,,,,,,,,,,,,,,TE,Patrick Scales (20389438),Patrick Scales,20389438,TE/FLEX,2500,ARI@CHI 12/05/2021 01:00PM ET,CHI,0
,,,,,,,,,,,,,,TE,Stephen Anderson (20389402),Stephen Anderson,20389402,TE/FLEX,2500,LAC@CIN 12/05/2021 01:00PM ET,LAC,2.46
,,,,,,,,,,,,,,TE,Tre' McKitty (20389404),Tre' McKitty,20389404,TE/FLEX,2500,LAC@CIN 12/05/2021 01:00PM ET,LAC,0.34
,,,,,,,,,,,,,,TE,Hunter Kampmoyer (20389406),Hunter Kampmoyer,20389406,TE/FLEX,2500,LAC@CIN 12/05/2021 01:00PM ET,LAC,0
,,,,,,,,,,,,,,TE,Drew Sample (20389408),Drew Sample,20389408,TE/FLEX,2500,LAC@CIN 12/05/2021 01:00PM ET,CIN,0.98
,,,,,,,,,,,,,,TE,Mitchell Wilcox (20389410),Mitchell Wilcox,20389410,TE/FLEX,2500,LAC@CIN 12/05/2021 01:00PM ET,CIN,0
,,,,,,,,,,,,,,TE,Thaddeus Moss (20389412),Thaddeus Moss,20389412,TE/FLEX,2500,LAC@CIN 12/05/2021 01:00PM ET,CIN,0
,,,,,,,,,,,,,,TE,Clark Harris (20389414),Clark Harris,20389414,TE/FLEX,2500,LAC@CIN 12/05/2021 01:00PM ET,CIN,0
,,,,,,,,,,,,,,TE,Mason Schreck (20389416),Mason Schreck,20389416,TE/FLEX,2500,LAC@CIN 12/05/2021 01:00PM ET,CIN,0
,,,,,,,,,,,,,,TE,Darren Fells (20389388),Darren Fells,20389388,TE/FLEX,2500,TB@ATL 12/05/2021 01:00PM ET,TB,1.04
,,,,,,,,,,,,,,TE,Codey McElroy (20389390),Codey McElroy,20389390,TE/FLEX,2500,TB@ATL 12/05/2021 01:00PM ET,TB,0
,,,,,,,,,,,,,,TE,Lee Smith (20389392),Lee Smith,20389392,TE/FLEX,2500,TB@ATL 12/05/2021 01:00PM ET,ATL,1.93
,,,,,,,,,,,,,,TE,Parker Hesse (20389394),Parker Hesse,20389394,TE/FLEX,2500,TB@ATL 12/05/2021 01:00PM ET,ATL,0.64
,,,,,,,,,,,,,,TE,Hayden Hurst (20389396),Hayden Hurst,20389396,TE/FLEX,2500,TB@ATL 12/05/2021 01:00PM ET,ATL,4.53
,,,,,,,,,,,,,,TE,Jaeden Graham (20389398),Jaeden Graham,20389398,TE/FLEX,2500,TB@ATL 12/05/2021 01:00PM ET,ATL,0
,,,,,,,,,,,,,,TE,John Raine (20389400),John Raine,20389400,TE/FLEX,2500,TB@ATL 12/05/2021 01:00PM ET,ATL,0
,,,,,,,,,,,,,,TE,Sammis Reyes (20389372),Sammis Reyes,20389372,TE/FLEX,2500,WAS@LV 12/05/2021 04:05PM ET,WAS,0
,,,,,,,,,,,,,,TE,Dylan Cantrell (20389374),Dylan Cantrell,20389374,TE/FLEX,2500,WAS@LV 12/05/2021 04:05PM ET,WAS,0
,,,,,,,,,,,,,,TE,Tyrone Swoopes (20389376),Tyrone Swoopes,20389376,TE/FLEX,2500,WAS@LV 12/05/2021 04:05PM ET,WAS,0
,,,,,,,,,,,,,,TE,Temarrick Hemingway (20389378),Temarrick Hemingway,20389378,TE/FLEX,2500,WAS@LV 12/05/2021 04:05PM ET,WAS,0
,,,,,,,,,,,,,,TE,Daniel Helm (20389380),Daniel Helm,20389380,TE/FLEX,2500,WAS@LV 12/05/2021 04:05PM ET,LV,0
,,,,,,,,,,,,,,TE,Nick Bowers (20389382),Nick Bowers,20389382,TE/FLEX,2500,WAS@LV 12/05/2021 04:05PM ET,LV,0
,,,,,,,,,,,,,,TE,Derek Carrier (20389384),Derek Carrier,20389384,TE/FLEX,2500,WAS@LV 12/05/2021 04:05PM ET,LV,0.82
,,,,,,,,,,,,,,TE,Matt Bushman (20389386),Matt Bushman,20389386,TE/FLEX,2500,WAS@LV 12/05/2021 04:05PM ET,LV,0
,,,,,,,,,,,,,,DST,WAS Football Team  (20389524),WAS Football Team ,20389524,DST,2500,WAS@LV 12/05/2021 04:05PM ET,WAS,4.54
,,,,,,,,,,,,,,TE,Chris Manhertz (20389354),Chris Manhertz,20389354,TE/FLEX,2500,JAX@LAR 12/05/2021 04:05PM ET,JAX,1.54
,,,,,,,,,,,,,,TE,Luke Farrell (20389356),Luke Farrell,20389356,TE/FLEX,2500,JAX@LAR 12/05/2021 04:05PM ET,JAX,1.09
,,,,,,,,,,,,,,TE,Jacob Hollister (20389358),Jacob Hollister,20389358,TE/FLEX,2500,JAX@LAR 12/05/2021 04:05PM ET,JAX,3.02
,,,,,,,,,,,,,,TE,Matt Sokol (20389360),Matt Sokol,20389360,TE/FLEX,2500,JAX@LAR 12/05/2021 04:05PM ET,JAX,0
,,,,,,,,,,,,,,TE,Kendall Blanton (20389362),Kendall Blanton,20389362,TE/FLEX,2500,JAX@LAR 12/05/2021 04:05PM ET,LAR,0.24
,,,,,,,,,,,,,,TE,Brycen Hopkins (20389364),Brycen Hopkins,20389364,TE/FLEX,2500,JAX@LAR 12/05/2021 04:05PM ET,LAR,0
,,,,,,,,,,,,,,TE,Johnny Mundt (20389366),Johnny Mundt,20389366,TE/FLEX,2500,JAX@LAR 12/05/2021 04:05PM ET,LAR,0.32
,,,,,,,,,,,,,,TE,Jacob Harris (20389368),Jacob Harris,20389368,TE/FLEX,2500,JAX@LAR 12/05/2021 04:05PM ET,LAR,0
,,,,,,,,,,,,,,TE,Jared Pinkney (20389370),Jared Pinkney,20389370,TE/FLEX,2500,JAX@LAR 12/05/2021 04:05PM ET,LAR,0
,,,,,,,,,,,,,,TE,Nick Boyle (20389340),Nick Boyle,20389340,TE/FLEX,2500,BAL@PIT 12/05/2021 04:25PM ET,BAL,0
,,,,,,,,,,,,,,TE,Eric Tomlinson (20389342),Eric Tomlinson,20389342,TE/FLEX,2500,BAL@PIT 12/05/2021 04:25PM ET,BAL,0.16
,,,,,,,,,,,,,,TE,Josh Oliver (20389344),Josh Oliver,20389344,TE/FLEX,2500,BAL@PIT 12/05/2021 04:25PM ET,BAL,1.29
,,,,,,,,,,,,,,TE,Tony Poljan (20389346),Tony Poljan,20389346,TE/FLEX,2500,BAL@PIT 12/05/2021 04:25PM ET,BAL,0
,,,,,,,,,,,,,,TE,Kevin Rader (20389348),Kevin Rader,20389348,TE/FLEX,2500,BAL@PIT 12/05/2021 04:25PM ET,PIT,1.1
,,,,,,,,,,,,,,TE,Jace Sternberger (20389350),Jace Sternberger,20389350,TE/FLEX,2500,BAL@PIT 12/05/2021 04:25PM ET,PIT,0
,,,,,,,,,,,,,,TE,Dax Raymond (20389352),Dax Raymond,20389352,TE/FLEX,2500,BAL@PIT 12/05/2021 04:25PM ET,PIT,0
,,,,,,,,,,,,,,TE,Will Dissly (20389322),Will Dissly,20389322,TE/FLEX,2500,SF@SEA 12/05/2021 04:25PM ET,SEA,3.5
,,,,,,,,,,,,,,TE,Colby Parkinson (20389324),Colby Parkinson,20389324,TE/FLEX,2500,SF@SEA 12/05/2021 04:25PM ET,SEA,0.34
,,,,,,,,,,,,,,TE,Ryan Izzo (20389326),Ryan Izzo,20389326,TE/FLEX,2500,SF@SEA 12/05/2021 04:25PM ET,SEA,0
,,,,,,,,,,,,,,TE,Tyler Mabry (20389328),Tyler Mabry,20389328,TE/FLEX,2500,SF@SEA 12/05/2021 04:25PM ET,SEA,0
,,,,,,,,,,,,,,TE,Tyler Ott (20389330),Tyler Ott,20389330,TE/FLEX,2500,SF@SEA 12/05/2021 04:25PM ET,SEA,0
,,,,,,,,,,,,,,TE,Charlie Woerner (20389332),Charlie Woerner,20389332,TE/FLEX,2500,SF@SEA 12/05/2021 04:25PM ET,SF,0.93
,,,,,,,,,,,,,,TE,Ross Dwelley (20389334),Ross Dwelley,20389334,TE/FLEX,2500,SF@SEA 12/05/2021 04:25PM ET,SF,1.37
,,,,,,,,,,,,,,TE,Tanner Hudson (20389336),Tanner Hudson,20389336,TE/FLEX,2500,SF@SEA 12/05/2021 04:25PM ET,SF,0
,,,,,,,,,,,,,,TE,Jordan Matthews (20389338),Jordan Matthews,20389338,TE/FLEX,2500,SF@SEA 12/05/2021 04:25PM ET,SF,0
,,,,,,,,,,,,,,DST,Texans  (20389527),Texans ,20389527,DST,2400,IND@HOU 12/05/2021 01:00PM ET,HOU,5.54
,,,,,,,,,,,,,,DST,Falcons  (20389526),Falcons ,20389526,DST,2400,TB@ATL 12/05/2021 01:00PM ET,ATL,3
,,,,,,,,,,,,,,DST,Lions  (20389529),Lions ,20389529,DST,2300,MIN@DET 12/05/2021 01:00PM ET,DET,3.46
,,,,,,,,,,,,,,DST,Jaguars  (20389528),Jaguars ,20389528,DST,2300,JAX@LAR 12/05/2021 04:05PM ET,JAX,4
